,business_id,name,address,city,state,postal_code,latitude,longitude,stars,review_count,is_open,attributes,categories,hours
816,kMHZgooGdHN9099Ya0X4vA,La Quinta Inn by Wyndham Indianapolis East-Post Drive,2349 Post Dr,Indianapolis,CA,46219,39.80203,-86.010737,2.0,42,1,"{'WiFi': ""'free'"", 'BusinessAcceptsCreditCards': 'True', 'RestaurantsPriceRange2': '2'}","Hotels, Hotels & Travel, Event Planning & Services","{'Monday': '0:0-0:0', 'Tuesday': '0:0-0:0', 'Wednesday': '0:0-0:0', 'Thursday': '0:0-0:0', 'Friday': '0:0-0:0', 'Saturday': '0:0-0:0', 'Sunday': '0:0-0:0'}"
1009,QGTvT3wucl1UKZgxTRGStQ,Hotel De L'eau Vive,315 Tchoupitoulas St,New Orleans,CA,70130,29.949712,-90.0669215,2.5,28,1,"{'WiFi': ""u'free'"", 'BusinessAcceptsCreditCards': 'True', 'RestaurantsPriceRange2': '3'}","Event Planning & Services, Hotels, Hotels & Travel",
2249,tH10ZuH28GrccqTZ6TTl7A,Carnival Cruise Lines,651 Channelside Dr,Tampa,CA,33602,27.9437745,-82.4458698,2.5,173,1,"{'GoodForKids': 'True', 'WiFi': ""u'paid'""}","Hotels & Travel, Tours, Arts & Entertainment",
2899,ULORSTWTa5PbyjM6K4tWDA,Dodo Limo & Transportation,4133 San Martin Way,Santa Barbara,CA,93110,34.4451279,-119.761387,4.5,15,1,"{'WiFi': ""u'free'""}","Transportation, Local Services, Limos, Hotels & Travel, Wine Tours, Taxis, Tours, Town Car Service, Airport Shuttles","{'Monday': '0:0-0:0', 'Tuesday': '0:0-0:0', 'Wednesday': '0:0-0:0', 'Thursday': '0:0-0:0', 'Friday': '0:0-0:0', 'Saturday': '0:0-0:0', 'Sunday': '0:0-0:0'}"
3129,_E0WPHfJEYmwOUCAj-Jq1A,Western Village Inn and Casino,815 Nichols Blvd,Sparks,CA,89434,39.5344459,-119.7344361,3.5,266,1,"{'RestaurantsPriceRange2': '2', 'OutdoorSeating': 'False', 'Ambience': ""{'romantic': False, 'intimate': False, 'touristy': False, 'hipster': False, 'divey': False, 'classy': False, 'trendy': False, 'upscale': False, 'casual': False}"", 'HasTV': 'False', 'NoiseLevel': ""u'quiet'"", 'RestaurantsDelivery': 'False', 'RestaurantsReservations': 'True', 'GoodForKids': 'False', 'Caters': 'False', 'Alcohol': ""'full_bar'"", 'BusinessAcceptsCreditCards': 'True', 'WiFi': ""u'free'"", 'RestaurantsGoodForGroups': 'True', 'RestaurantsTakeOut': 'False', 'RestaurantsAttire': ""u'casual'"", 'BusinessAcceptsBitcoin': 'False', 'BusinessParking': ""{'garage': False, 'street': False, 'validated': False, 'lot': True, 'valet': True}""}","Casinos, Hotels, Arts & Entertainment, American (New), Restaurants, Event Planning & Services, Hotels & Travel","{'Monday': '0:0-0:0', 'Tuesday': '0:0-0:0', 'Wednesday': '0:0-0:0', 'Thursday': '0:0-0:0', 'Friday': '0:0-0:0', 'Saturday': '0:0-0:0', 'Sunday': '0:0-0:0'}"
3360,N6Xfj1KRqNR8FsOa8MH4aw,Red Carpet Inn,418 Crescent Blvd,Brooklawn,CA,08302,39.8761018,-75.1178126,1.5,6,1,"{'WiFi': ""'no'"", 'RestaurantsPriceRange2': '1', 'BusinessAcceptsCreditCards': 'True'}","Hotels, Event Planning & Services, Hotels & Travel","{'Monday': '0:0-0:0', 'Tuesday': '0:0-0:0', 'Wednesday': '0:0-0:0', 'Thursday': '0:0-0:0', 'Friday': '0:0-0:0', 'Saturday': '0:0-0:0', 'Sunday': '0:0-0:0'}"
3449,IAiN_XTawpc_TJaBTfTttw,Zagster,,Carmel,CA,46032,39.9693,-86.1650024,2.0,5,1,"{'BusinessAcceptsCreditCards': 'True', 'BikeParking': 'True', 'GoodForKids': 'False', 'BusinessParking': ""{'garage': False, 'street': False, 'validated': False, 'lot': False, 'valet': False}""}","Active Life, Bike Sharing, Bike Rentals, Hotels & Travel, Transportation",
3566,I2Yt74AzSQFfyQqgN7PSEg,Sheraton Indianapolis Hotel at Keystone Crossing,8787 Keystone Crossing,Indianapolis,CA,46240,39.9153605,-86.1084079,2.5,141,1,"{'BusinessAcceptsCreditCards': 'True', 'RestaurantsPriceRange2': '2', 'WiFi': ""u'paid'"", 'BusinessAcceptsBitcoin': 'False', 'WheelchairAccessible': 'True', 'DogsAllowed': 'True'}","Venues & Event Spaces, Hotels, Restaurants, Hotels & Travel, Event Planning & Services","{'Monday': '0:0-0:0', 'Tuesday': '0:0-0:0', 'Wednesday': '0:0-0:0', 'Thursday': '0:0-0:0', 'Friday': '0:0-0:0', 'Saturday': '0:0-0:0', 'Sunday': '0:0-0:0'}"
5111,LQe7BX3DbIkBSHaiLwiQKg,Stay Alfred on North Carondelet Street,127 Carondelet Street,New Orleans,CA,70130,29.953314,-90.070776,2.5,8,0,"{'WiFi': ""u'free'""}","Vacation Rentals, Hotels & Travel","{'Monday': '0:0-0:0', 'Tuesday': '0:0-0:0', 'Wednesday': '0:0-0:0', 'Thursday': '0:0-0:0', 'Friday': '0:0-0:0', 'Saturday': '0:0-0:0', 'Sunday': '0:0-0:0'}"
5986,nyRBU9cCccVHil2qUZfAOg,Fairfield Inn & Suites Tampa Fairgrounds/Casino,6720 Lakeview Center Dr,Tampa,CA,33619,27.9807309,-82.3830153,3.0,34,1,"{'RestaurantsPriceRange2': '2', 'BusinessAcceptsCreditCards': 'True', 'WiFi': ""u'free'""}","Event Planning & Services, Hotels & Travel, Hotels",
6841,o9Gru-QFoxGK26FSWRCLXA,National Car Rental,1 Arrivals Rd,Philadelphia,CA,19153,39.8787104089,-75.2452735795,3.5,160,1,,"Hotels & Travel, Car Rental","{'Monday': '0:0-0:0', 'Tuesday': '0:0-0:0', 'Wednesday': '0:0-0:0', 'Thursday': '0:0-0:0', 'Friday': '0:0-0:0', 'Saturday': '0:0-0:0', 'Sunday': '0:0-0:0'}"
6939,rhqyJ9sN-lb2JblkVFe13A,Alberta Motor Association,11220 109 St NW,Edmonton,CA,T5G 2T6,53.5615871,-113.5091931,2.0,26,1,,"Transportation, Hotels & Travel",
7007,71cUrGn9enOIIiPtwqp82w,Germantown Cab,5350 Belfield Ave,Philadelphia,CA,19144,40.03696,-75.166095,1.5,29,1,,"Taxis, Hotels & Travel, Transportation","{'Monday': '0:0-0:0', 'Tuesday': '0:0-0:0', 'Wednesday': '0:0-0:0', 'Thursday': '0:0-0:0', 'Friday': '0:0-0:0', 'Saturday': '0:0-0:0', 'Sunday': '0:0-0:0'}"
7123,-v5f5UElbdAfqUSnN35lNA,Enterprise Rent-A-Car,2415 Lancaster Ave,Wilmington,CA,19805,39.7491955059,-75.5798998475,2.5,10,1,,"Car Rental, Hotels & Travel","{'Monday': '0:0-0:0', 'Tuesday': '7:30-18:0', 'Wednesday': '7:30-18:0', 'Thursday': '7:30-16:0', 'Friday': '7:30-18:0', 'Saturday': '8:0-12:0'}"
8310,-VGUpTEsCUE9gJk50gbU6w,JetBlue,8500 Essington Ave,Philadelphia,CA,19153,39.876019,-75.242969,3.5,19,1,,"Airports, Food, Transportation, Shopping, Hotels & Travel, Airlines",
8437,WKp0r3Psm6vgVdyR3cDblg,TD Ballpark,373 Douglas Ave,Dunedin,CA,34698,28.003594,-82.7865490943,3.5,17,1,{'GoodForKids': 'True'},"Hotels & Travel, Active Life, Arts & Entertainment, Sports Clubs, Stadiums & Arenas",
8599,Mrd6WoEcDpZVkmozj5DB4w,Sully Mansion Bed & Breakfast,2631 Prytania St,New Orleans,CA,70130,29.930524,-90.0842865,4.0,58,1,"{'RestaurantsPriceRange2': '2', 'WiFi': ""u'free'"", 'BusinessAcceptsCreditCards': 'True'}","Hotels & Travel, Hotels, Event Planning & Services, Venues & Event Spaces, Bed & Breakfast","{'Monday': '8:0-17:0', 'Tuesday': '8:0-17:0', 'Wednesday': '8:0-17:0', 'Thursday': '8:0-17:0', 'Friday': '8:0-17:0', 'Saturday': '8:0-17:0', 'Sunday': '8:0-17:0'}"
8841,NKP_jXl7Gn6hkiR8D206Gw,Air Canada,8500 Essington Ave,Philadelphia,CA,19153,39.8737683,-75.2472932,1.5,5,1,,"Transportation, Airlines, Hotels & Travel",
9045,DkFtop1xc3_pPkGT_e43sA,Hotel Maison Pierre Lafitte,108 Roosevelt Way,New Orleans,CA,70112,29.9546333,-90.0720306,4.5,7,1,"{'WiFi': ""u'free'"", 'BusinessAcceptsCreditCards': 'True', 'RestaurantsPriceRange2': '2', 'DogsAllowed': 'False'}","Event Planning & Services, Hotels, Hotels & Travel",
11342,1aj1hnqPt3rqoB8tVRHLEA,Hotel Monteleone,214 Royal St,New Orleans,CA,70130,29.954351,-90.067868,4.0,767,1,"{'BusinessAcceptsCreditCards': 'True', 'WiFi': ""u'paid'"", 'RestaurantsPriceRange2': '3', 'DogsAllowed': 'True', 'ByAppointmentOnly': 'False'}","Hotels & Travel, Hotels, Event Planning & Services","{'Monday': '0:0-0:0', 'Tuesday': '0:0-0:0', 'Wednesday': '0:0-0:0', 'Thursday': '0:0-0:0', 'Friday': '0:0-0:0', 'Saturday': '0:0-0:0', 'Sunday': '0:0-0:0'}"
11495,ps3_Cfg3Rad464aXa71PqA,Enterprise Rent-A-Car,707 E Market St,West Chester,CA,19382,39.9650765682,-75.5929487944,3.5,19,1,,"Hotels & Travel, Car Rental","{'Monday': '0:0-0:0', 'Tuesday': '7:30-18:0', 'Wednesday': '7:30-18:0', 'Thursday': '7:30-16:0', 'Friday': '7:30-18:0', 'Saturday': '9:0-12:0', 'Sunday': '9:0-12:0'}"
11660,TZodoH7csDIwQ5EfWqqsJw,Bourbon Orleans Hotel,717 Orleans St,New Orleans,CA,70116,29.9587637815,-90.0647292573,3.5,45,0,"{'RestaurantsPriceRange2': '3', 'BusinessAcceptsCreditCards': 'True', 'WiFi': ""u'free'""}","Hotels & Travel, Event Planning & Services, Hotels, Local Flavor",
12753,DlU5bGy4imZ5JzZYoQkdSg,College Hunks Hauling Junk & Moving - St Louis,1440 N Warson Rd,Saint Louis,CA,63132,38.687635,-90.394208,4.0,139,1,"{'BusinessAcceptsBitcoin': 'False', 'BusinessAcceptsCreditCards': 'True', 'ByAppointmentOnly': 'True', 'BusinessParking': 'None', 'DogsAllowed': 'True', 'RestaurantsPriceRange2': '2', 'BikeParking': 'True', 'WheelchairAccessible': 'True'}","Local Services, Packing Supplies, Home Cleaning, Recycling Center, Movers, Transportation, Junk Removal & Hauling, Self Storage, Home Services, Shopping, Hotels & Travel, Packing Services","{'Monday': '8:0-21:0', 'Tuesday': '8:0-21:0', 'Wednesday': '8:0-21:0', 'Thursday': '8:0-21:0', 'Friday': '8:0-21:0', 'Saturday': '8:0-21:0', 'Sunday': '9:0-18:0'}"
13166,ZNdy7JaPmZpIYprPU-2wnw,Super 8 by Wyndham Clearwater/St. Petersburg Airport,"13260 34th St North, Ulmerton Rd  to 34th St North",Clearwater,CA,33762,27.8923076,-82.6803873,2.0,18,1,"{'BusinessAcceptsCreditCards': 'True', 'RestaurantsPriceRange2': '2', 'WiFi': ""'free'""}","Hotels, Hotels & Travel, Event Planning & Services",
13924,CACvbdt4D9rvCw-F1WvarQ,Red Roof Inn Tampa Bay - St Petersburg,4999 34th St N,St Petersburg,CA,33714,27.81744,-82.67945,2.0,23,1,{'BusinessAcceptsCreditCards': 'True'},"Hotels, Hotels & Travel, Event Planning & Services","{'Monday': '0:0-23:59', 'Tuesday': '0:0-23:59', 'Wednesday': '0:0-23:59', 'Thursday': '0:0-23:59', 'Friday': '0:0-23:59', 'Saturday': '0:0-23:59', 'Sunday': '0:0-23:59'}"
14866,2dPiEMXII3wF4uNCeWDEpg,Clayton Plaza Hotel,7750 Carondelet Ave,Clayton,CA,63105,38.648477,-90.3364872,3.5,151,1,"{'RestaurantsPriceRange2': '2', 'BusinessAcceptsCreditCards': 'True', 'WiFi': ""u'free'""}","Resorts, Event Planning & Services, Hotels, Venues & Event Spaces, Hotels & Travel","{'Monday': '0:0-0:0', 'Tuesday': '0:0-0:0', 'Wednesday': '0:0-0:0', 'Thursday': '0:0-0:0', 'Friday': '0:0-0:0', 'Saturday': '0:0-0:0', 'Sunday': '0:0-0:0'}"
15043,_uHF2ObRlgB2j7fTXCTmbw,Contempra Inn,2820 Williams Blvd,Kenner,CA,70062,30.0082944,-90.2396017,2.0,18,1,"{'RestaurantsPriceRange2': '1', 'BusinessAcceptsCreditCards': 'True', 'WiFi': ""u'free'"", 'DogsAllowed': 'False', 'BusinessAcceptsBitcoin': 'False'}","Hotels, Event Planning & Services, Hotels & Travel","{'Monday': '0:0-0:0', 'Tuesday': '0:0-0:0', 'Wednesday': '0:0-0:0', 'Thursday': '0:0-0:0', 'Friday': '0:0-0:0', 'Saturday': '0:0-0:0', 'Sunday': '0:0-0:0'}"
15661,DXDoeVULsKLb7LLyAfvuVg,Moxy Nashville Downtown,110 3rd Avenue South,Nashville,CA,37201,36.161118,-86.7753746,3.5,60,1,"{'WiFi': ""u'free'"", 'DogsAllowed': 'True', 'BusinessAcceptsBitcoin': 'False', 'BusinessAcceptsCreditCards': 'True'}","Event Planning & Services, Hotels, Hotels & Travel","{'Monday': '0:0-0:0', 'Tuesday': '0:0-0:0', 'Wednesday': '0:0-0:0', 'Thursday': '0:0-0:0', 'Friday': '0:0-0:0', 'Saturday': '0:0-0:0', 'Sunday': '0:0-0:0'}"
15680,kLnOdN3_HuF1iXjtkb79aw,Courtyard by Marriott Boise Downtown,222 S Broadway Ave,Boise,CA,83702,43.6075508711,-116.1914321411,3.5,53,1,"{'RestaurantsPriceRange2': '2', 'WiFi': ""u'free'"", 'BusinessAcceptsCreditCards': 'True'}","Event Planning & Services, Hotels, Hotels & Travel","{'Monday': '0:0-0:0', 'Tuesday': '0:0-0:0', 'Wednesday': '0:0-0:0', 'Thursday': '0:0-0:0', 'Friday': '0:0-0:0', 'Saturday': '0:0-0:0', 'Sunday': '0:0-0:0'}"
16218,bpGUkmCXTOOwbNIY3rNWxA,Celebrations Limousine Service,129 Matthew Cir,Richboro,CA,18954,40.2382649,-75.0026287,3.5,5,0,,"Hotels & Travel, Transportation, Limos, Airport Shuttles","{'Monday': '9:0-19:0', 'Tuesday': '9:0-19:0', 'Wednesday': '9:0-19:0', 'Thursday': '9:0-19:0', 'Friday': '9:0-19:0', 'Saturday': '9:0-13:0'}"
18100,3fy9gov8g8eBRpPJ_vPP7w,Horseshoe Motel,490 Lake St,Reno,CA,89501,39.5315127,-119.8116052,1.5,7,1,{'RestaurantsPriceRange2': '2'},"Hotels, Hotels & Travel, Event Planning & Services, Tours",
18948,idGEh65tQfwFF-BMgInL_g,Page Terrace Beachfront Hotel,10500 Gulf Blvd,Treasure Island,CA,33706,27.7672245,-82.7690472,4.0,18,1,"{'RestaurantsPriceRange2': '2', 'WiFi': ""u'free'"", 'BusinessAcceptsCreditCards': 'True', 'BusinessAcceptsBitcoin': 'False'}","Event Planning & Services, Hotels, Hotels & Travel","{'Monday': '8:0-21:0', 'Tuesday': '8:0-21:0', 'Wednesday': '8:0-21:0', 'Thursday': '8:0-21:0', 'Friday': '8:0-21:0', 'Saturday': '8:0-21:0', 'Sunday': '8:0-21:0'}"
20179,8rhUPc37gyqqeCnmRbZx-Q,Motel 6,2323 Airport Way,Boise,CA,83705,43.5688032,-116.210328,2.0,39,1,"{'WiFi': ""'paid'"", 'RestaurantsPriceRange2': '1', 'BusinessAcceptsCreditCards': 'True'}","Hotels & Travel, Event Planning & Services, Hotels","{'Monday': '0:0-0:0', 'Tuesday': '0:0-0:0', 'Wednesday': '0:0-0:0', 'Thursday': '0:0-0:0', 'Friday': '0:0-0:0', 'Saturday': '0:0-0:0', 'Sunday': '0:0-0:0'}"
20971,hlubyxgPyNJwo-C-Ype3QQ,One11 Hotel,111 Iberville St,New Orleans,CA,70130,29.9519718,-90.064805,4.0,9,1,,"Hotels, Hotels & Travel, Event Planning & Services","{'Monday': '0:0-0:0', 'Tuesday': '0:0-0:0', 'Wednesday': '0:0-0:0', 'Thursday': '0:0-0:0', 'Friday': '0:0-0:0', 'Saturday': '0:0-0:0', 'Sunday': '0:0-0:0'}"
21426,ap-SkQRLsBQBsvAlAhK5uA,Fairfield Inn & Suites Tampa Brandon,10150 Palm River Road,Tampa,CA,33619,27.9417008078,-82.3345257063,2.5,27,1,"{'WiFi': ""u'free'"", 'BusinessAcceptsCreditCards': 'True', 'RestaurantsPriceRange2': '2'}","Hotels & Travel, Hotels, Event Planning & Services","{'Monday': '0:0-0:0', 'Tuesday': '0:0-0:0', 'Wednesday': '0:0-0:0', 'Thursday': '0:0-0:0', 'Friday': '0:0-0:0', 'Saturday': '0:0-0:0', 'Sunday': '0:0-0:0'}"
22469,sH7cZAjbzvrpiTudvwluHg,Murder House,1400 N Channelside Dr,Tampa,CA,33602,27.956634,-82.446766,4.5,7,1,"{'GoodForKids': 'False', 'ByAppointmentOnly': 'False', 'WiFi': ""u'free'"", 'DogsAllowed': 'False'}","Social Clubs, Hotels & Travel, Haunted Houses, Festivals, Tours, Arts & Entertainment","{'Friday': '19:0-0:0', 'Saturday': '19:0-0:0'}"
22491,kta13NBaVJ8F9tfJYhdU-g,AAA St. Petersburg,1518 66th St N,Saint Petersburg,CA,33710,27.7862387,-82.7296643,1.0,6,1,,"Hotels & Travel, Insurance, Travel Services, Travel Agents, Financial Services","{'Monday': '8:30-17:30', 'Tuesday': '8:30-17:30', 'Wednesday': '8:30-17:30', 'Thursday': '8:30-17:30', 'Friday': '8:30-17:30'}"
22640,1M0FpaH6os3Punr90bvIDw,SpringHill Suites Tampa Brandon,1051 S Falkenburg Rd,Tampa,CA,33619,27.9401753359,-82.338012074,3.0,33,1,"{'BusinessAcceptsCreditCards': 'True', 'WiFi': ""u'free'"", 'RestaurantsPriceRange2': '2'}","Hotels & Travel, Hotels, Event Planning & Services","{'Monday': '0:0-23:59', 'Tuesday': '0:0-23:59', 'Wednesday': '0:0-23:59', 'Thursday': '0:0-23:59', 'Friday': '0:0-23:59', 'Saturday': '0:0-23:59', 'Sunday': '0:0-23:59'}"
23143,OzOZLMWKF4h9bVq4ZrpIvA,Sleep Inn,140 Venita Drive,O Fallon,CA,62269,38.593634,-89.937904,3.0,25,1,"{'BusinessAcceptsCreditCards': 'True', 'WiFi': ""u'free'"", 'RestaurantsPriceRange2': '2'}","Hotels & Travel, Hotels, Event Planning & Services","{'Monday': '0:0-0:0', 'Tuesday': '0:0-0:0', 'Wednesday': '0:0-0:0', 'Thursday': '0:0-0:0', 'Friday': '0:0-0:0', 'Saturday': '0:0-0:0', 'Sunday': '0:0-0:0'}"
23197,YQP1MseLyRjPOQ66pdi2uw,Clarion Inn Levittown - Philadelphia Langhorne,6201 Bristol Pike,Levittown,CA,19057,40.1220644463,-74.842993497,1.0,12,1,,"Hotels, Event Planning & Services, Hotels & Travel","{'Monday': '0:0-0:0', 'Tuesday': '0:0-0:0', 'Wednesday': '0:0-0:0', 'Thursday': '0:0-0:0', 'Friday': '0:0-0:0', 'Saturday': '0:0-0:0', 'Sunday': '0:0-0:0'}"
24972,k1EL0UvRYao_La9zdeUfJw,Hilton New Orleans Airport,901 Airline Dr,Kenner,CA,70062,29.981288,-90.2571349,2.5,111,1,"{'WiFi': ""'free'"", 'BusinessAcceptsCreditCards': 'True', 'RestaurantsPriceRange2': '2'}","Hotels, Event Planning & Services, Hotels & Travel","{'Monday': '0:0-0:0', 'Tuesday': '0:0-0:0', 'Wednesday': '0:0-0:0', 'Thursday': '0:0-0:0', 'Friday': '0:0-0:0', 'Saturday': '0:0-0:0', 'Sunday': '0:0-0:0'}"
26208,w37sJQmXgGzRK6MCackIyw,Seaside Inn & Suites,401 S Gulfview Blvd,Clearwater,CA,33767,27.9710464276,-82.8292674199,1.5,69,1,,Hotels & Travel,
29676,CwpPzFufdnHXxXT3XMJRkw,S.F. Shannon,4917 Mcpherson Ave,Saint Louis,CA,63108,38.6489398,-90.2614849,3.5,5,1,"{'BusinessAcceptsCreditCards': 'True', 'BusinessAcceptsBitcoin': 'False'}","Apartments, Vacation Rentals, Hotels & Travel, Real Estate Services, Home Services, Venues & Event Spaces, Real Estate, Event Planning & Services","{'Monday': '9:0-17:0', 'Tuesday': '9:0-17:0', 'Wednesday': '9:0-17:0', 'Thursday': '9:0-17:0', 'Friday': '9:0-17:0'}"
31369,IRmwSso4FSZ-G2TOuiRsPw,Keith's Kars,9490 S Virginia St,Reno,CA,89511,39.4442553,-119.7728002,3.5,12,1,"{'BusinessAcceptsCreditCards': 'True', 'WiFi': ""u'no'"", 'ByAppointmentOnly': 'False'}","RV Dealers, Automotive, Trailer Dealers, RV Rental, Used Car Dealers, Car Dealers, Hotels & Travel","{'Monday': '9:0-17:0', 'Tuesday': '9:0-17:0', 'Wednesday': '9:0-17:0', 'Thursday': '9:0-17:0', 'Friday': '9:0-17:0', 'Saturday': '9:0-17:0', 'Sunday': '10:0-16:0'}"
31599,H_ntB9U0wBCf48X53UnFOg,Quality Inn & Conference Center,2701 E Fowler Ave,Tampa,CA,33612,28.0539875,-82.4290297,2.0,102,1,"{'BusinessAcceptsCreditCards': 'True', 'RestaurantsPriceRange2': '2', 'WiFi': ""u'free'""}","Event Planning & Services, Hotels, Hotels & Travel","{'Monday': '0:0-0:0', 'Tuesday': '0:0-0:0', 'Wednesday': '0:0-0:0', 'Thursday': '0:0-0:0', 'Friday': '0:0-0:0', 'Saturday': '0:0-0:0', 'Sunday': '0:0-0:0'}"
31641,bL1qAhdZX9a2-jbg10ccBg,Edith Palmer's Country Inn,416 S B St,Virginia City,CA,89440,39.305300945,-119.6522932622,4.5,14,1,"{'RestaurantsPriceRange2': '2', 'WiFi': ""u'free'"", 'BusinessAcceptsCreditCards': 'True'}","Bed & Breakfast, Event Planning & Services, Hotels & Travel, Restaurants, Hotels",
32468,zfGDoYNklqZeaS2nYZpmOw,Philly Foodies Tours,,Philadelphia,CA,19125,39.9793657,-75.1253492,4.5,6,0,"{'ByAppointmentOnly': 'True', 'WiFi': ""u'no'""}","Tours, Walking Tours, Food Tours, Historical Tours, Hotels & Travel","{'Monday': '0:0-0:0', 'Thursday': '16:0-18:0', 'Friday': '12:30-15:0', 'Saturday': '15:30-17:30', 'Sunday': '12:30-15:0'}"
32509,8DdYtA9Q85UGNRa3Ph0y9w,C Ponies Beach Horseback Rides,Interstate 275,St Petersburg,CA,33716,27.6552851573,-82.6752600074,5.0,6,1,"{'BusinessParking': ""{'garage': False, 'street': True, 'validated': False, 'lot': False, 'valet': False}"", 'GoodForKids': 'True', 'BusinessAcceptsCreditCards': 'True', 'WheelchairAccessible': 'False', 'ByAppointmentOnly': 'True', 'BikeParking': 'True', 'DogsAllowed': 'False'}","Active Life, Party Equipment Rentals, Beaches, Horseback Riding, Surfing, Event Planning & Services, Hotels & Travel, Vacation Rentals","{'Monday': '8:0-16:0', 'Tuesday': '8:0-16:0', 'Wednesday': '8:0-16:0', 'Thursday': '8:0-16:0', 'Friday': '8:0-16:0'}"
32954,WVK43TKUTEHjIVlF25cYLw,SpringHill Suites Marriott Nashville Downtown/Convention Center,410 Rep. John Lewis Way S,Nashville,CA,37203,36.1559429,-86.7752176,3.5,5,1,"{'BusinessAcceptsBitcoin': 'False', 'DogsAllowed': 'False', 'BusinessAcceptsCreditCards': 'True', 'WiFi': ""u'free'""}","Venues & Event Spaces, Hotels & Travel, Event Planning & Services, Hotels","{'Monday': '0:0-0:0', 'Tuesday': '0:0-0:0', 'Wednesday': '0:0-0:0', 'Thursday': '0:0-0:0', 'Friday': '0:0-0:0', 'Saturday': '0:0-0:0', 'Sunday': '0:0-0:0'}"
33608,EX9q3_XxAcvUwpOuD9nkTw,Nashville RV,4242 Long Ln,Franklin,CA,37064,35.864139,-86.830277,3.0,8,1,"{'BusinessAcceptsCreditCards': 'True', 'WiFi': ""u'no'"", 'ByAppointmentOnly': 'False'}","RV Rental, RV Dealers, Hotels & Travel, Automotive, RV Repair","{'Monday': '8:0-17:0', 'Tuesday': '8:0-17:0', 'Wednesday': '8:0-17:0', 'Thursday': '8:0-17:0', 'Friday': '8:0-17:0'}"
35264,lWHsWAszNVISPFB3gQTuyg,Hampton Inn Limerick-Philadelphia Area,430 W Linfield Trappe Rd,Limerick,CA,19468,40.218107,-75.541022,2.5,21,1,"{'WiFi': ""u'free'"", 'BusinessAcceptsCreditCards': 'True', 'RestaurantsPriceRange2': '2'}","Hotels, Hotels & Travel, Event Planning & Services","{'Monday': '0:0-0:0', 'Tuesday': '0:0-0:0', 'Wednesday': '0:0-0:0', 'Thursday': '0:0-0:0', 'Friday': '0:0-0:0', 'Saturday': '0:0-0:0', 'Sunday': '0:0-0:0'}"
36745,WH_DZNs-vB0sx3K5-WOvDg,Free Beach Ride,4801 Gulf Blvd,Saint Pete Beach,CA,33706,27.7233519,-82.7399189,3.0,18,1,"{'WiFi': ""u'no'"", 'ByAppointmentOnly': 'False', 'Smoking': ""'no'""}","Advertising, Professional Services, Hotels & Travel, Transportation, Public Transportation","{'Monday': '8:0-3:0', 'Tuesday': '8:0-3:0', 'Wednesday': '8:0-3:0', 'Thursday': '8:0-3:0', 'Friday': '8:0-3:0', 'Saturday': '8:0-3:0', 'Sunday': '8:0-3:0'}"
37933,KLPdrKh6CZHslbZ-0ZKVdQ,Coast to Coast Auto Transport,2440 N Locust Grove Rd,Kuna,CA,83634,43.5107491875,-116.3729774,4.0,34,1,"{'WiFi': ""u'free'"", 'BusinessAcceptsCreditCards': 'True', 'ByAppointmentOnly': 'False'}","Automotive, Hotels & Travel, Vehicle Shipping, Transportation, Motorcycle Dealers","{'Monday': '0:0-0:0', 'Tuesday': '8:0-17:0', 'Wednesday': '8:0-17:0', 'Thursday': '8:0-17:0', 'Friday': '8:0-17:0', 'Saturday': '8:0-17:0'}"
40671,APJmC1vBW39h3NToBdhdig,Dinner Time Stories,167 Rosa L Parks Blvd,Nashville,CA,37203,36.1605824,-86.7838543,5.0,7,0,"{'RestaurantsDelivery': 'False', 'RestaurantsReservations': 'True', 'WheelchairAccessible': 'True', 'HasTV': 'False', 'RestaurantsGoodForGroups': 'True', 'HappyHour': 'False', 'Alcohol': ""u'full_bar'"", 'DogsAllowed': 'False', 'BusinessParking': ""{'garage': True, 'street': True, 'validated': False, 'lot': False, 'valet': True}"", 'OutdoorSeating': 'False', 'RestaurantsTakeOut': 'False', 'RestaurantsTableService': 'True', 'RestaurantsPriceRange2': '4', 'WiFi': ""u'free'"", 'BusinessAcceptsCreditCards': 'True', 'GoodForKids': 'False'}","Restaurants, Tours, Dinner Theater, Nightlife, Arts & Entertainment, Food Tours, Hotels & Travel, Modern European, American (New)","{'Thursday': '18:0-20:0', 'Friday': '18:0-20:0', 'Saturday': '18:0-20:0', 'Sunday': '18:0-20:0'}"
44068,y2lhuDD8bsAtp3NnMDQY9Q,Prima Motel & Lounge,502 Ringold St,Phoenixville,CA,19460,40.127853,-75.52886,2.5,6,0,"{'BusinessAcceptsCreditCards': 'True', 'RestaurantsPriceRange2': '1', 'WiFi': ""u'no'""}","Event Planning & Services, Hotels & Travel, Hotels",
45065,gzZyy9_2IN1iz-qUQkmk5g,Carquest Auto Parts - Larrys Auto Parts,5855 Hollister Ave,Goleta,CA,93117,34.4357052227,-119.8280190008,5.0,36,1,"{'BusinessAcceptsCreditCards': 'True', 'BusinessParking': ""{'garage': False, 'street': False, 'validated': False, 'lot': False, 'valet': False}"", 'RestaurantsDelivery': 'False', 'RestaurantsTakeOut': 'True'}","Hotels & Travel, Hardware Stores, Home & Garden, Auto Repair, Shopping, Automotive, RV Rental, Auto Parts & Supplies","{'Monday': '7:30-18:0', 'Tuesday': '7:30-18:0', 'Wednesday': '7:30-18:0', 'Thursday': '7:30-18:0', 'Friday': '7:30-18:0', 'Saturday': '8:0-17:0', 'Sunday': '9:0-15:0'}"
45495,Ciqsv4U4zuUnv8lDBPUGjw,AAA Mid-Atlantic,5233 W Baltimore Pike,Springfield,CA,19064,39.926324,-75.3076,3.5,7,1,,"Automotive, Hotels & Travel, Insurance, Travel Services, Financial Services, Auto Repair","{'Monday': '7:30-18:0', 'Tuesday': '7:30-18:0', 'Wednesday': '7:30-18:0', 'Thursday': '7:30-18:0', 'Friday': '7:30-18:0', 'Saturday': '8:0-17:0'}"
45747,-rpI6XyHt76wV5g-mgibTg,Mid Town Hotel,3900 Tulane Ave,New Orleans,CA,70119,29.9675536,-90.1039233,2.0,75,1,"{'BusinessAcceptsCreditCards': 'True', 'WiFi': ""u'free'"", 'RestaurantsPriceRange2': '2'}","Hotels & Travel, Event Planning & Services, Hotels",
46821,ruXD0lB3rq4FMvnQL7iqLw,Tampa Bay Watch Discovery Center,700 2nd Ave NE,St. Petersburg,CA,33701,27.7735935,-82.6315285,4.0,6,1,{'BusinessAcceptsCreditCards': 'True'},"Museums, Community Service/Non-Profit, Local Services, Arts & Entertainment, Aquariums, Hotels & Travel, Active Life, Boat Tours, Tours","{'Monday': '10:0-17:0', 'Tuesday': '10:0-17:0', 'Wednesday': '10:0-17:0', 'Thursday': '10:0-17:0', 'Friday': '10:0-19:0', 'Saturday': '10:0-19:0', 'Sunday': '10:0-18:0'}"
47074,QBiNLoutKIgS6lzGks-50A,Bilmar Beach Resort,10650 Gulf Blvd,Treasure Island,CA,33706,27.7674978866,-82.7693894062,3.5,130,1,"{'RestaurantsPriceRange2': '2', 'WiFi': ""u'free'"", 'BusinessAcceptsCreditCards': 'True'}","Caterers, Hotels, Resorts, Party & Event Planning, Venues & Event Spaces, Event Planning & Services, Hotels & Travel","{'Monday': '0:0-0:0', 'Tuesday': '0:0-0:0', 'Wednesday': '0:0-0:0', 'Thursday': '0:0-0:0', 'Friday': '0:0-0:0', 'Saturday': '0:0-0:0', 'Sunday': '0:0-0:0'}"
47227,su6eqhafkXNxBDHDAH5_SQ,Clarion Inn & Suites New Hope-Lambertville,6426 Lower York Rd,New Hope,CA,18938,40.3564238,-74.9840265,2.5,51,1,"{'RestaurantsPriceRange2': '2', 'BusinessAcceptsCreditCards': 'True', 'WiFi': ""u'free'""}","Hotels & Travel, Hotels, Event Planning & Services","{'Monday': '0:0-0:0', 'Tuesday': '0:0-0:0', 'Wednesday': '0:0-0:0', 'Thursday': '0:0-0:0', 'Friday': '0:0-0:0', 'Saturday': '0:0-0:0', 'Sunday': '0:0-0:0'}"
50100,3QRoFRO1fcK3RqrihQPqlw,Reisen Arizona Day Tours,5532 E Copper St,Tucson,CA,85712,32.2540901261,-110.8741699532,4.5,6,1,"{'ByAppointmentOnly': 'False', 'WiFi': ""u'no'""}","Tours, Hotels & Travel","{'Monday': '0:0-0:0', 'Tuesday': '7:0-20:0', 'Wednesday': '7:0-20:0', 'Thursday': '7:0-20:0', 'Friday': '7:0-20:0', 'Saturday': '7:0-20:0', 'Sunday': '7:0-20:0'}"
50524,yxuzVTQYqikKQO-odJToWw,avid hotel Nashville Airport,40 Rachel Drive,Nashville,CA,37214,36.1449603,-86.6752448,3.0,7,1,"{'BusinessAcceptsCreditCards': 'True', 'RestaurantsPriceRange2': '2', 'ByAppointmentOnly': 'False'}","Hotels, Hotels & Travel, Event Planning & Services","{'Monday': '0:0-0:0', 'Tuesday': '0:0-0:0', 'Wednesday': '0:0-0:0', 'Thursday': '0:0-0:0', 'Friday': '0:0-0:0', 'Saturday': '0:0-0:0', 'Sunday': '0:0-0:0'}"
51908,fYE_H9XbAr6Mga1colFrtw,Days Inn O'Fallon,1320 Park Plaza Dr,Ofallon,CA,62232,38.5874822,-89.9443746,2.0,6,1,"{'RestaurantsPriceRange2': '1', 'BusinessAcceptsCreditCards': 'True', 'WiFi': ""u'free'""}","Hotels & Travel, Event Planning & Services, Hotels",
52040,skWRxQU2LwbYQK0Dl_FqYw,Aloft Tucson University,1900 East Speedway Blvd,Tucson,CA,85719,32.235694,-110.943389,3.0,147,1,"{'RestaurantsPriceRange2': '2', 'WiFi': ""u'free'"", 'BusinessAcceptsBitcoin': 'False', 'BusinessAcceptsCreditCards': 'True', 'DogsAllowed': 'True'}","Hotels, Event Planning & Services, Hotels & Travel","{'Monday': '0:0-0:0', 'Tuesday': '0:0-0:0', 'Wednesday': '0:0-0:0', 'Thursday': '0:0-0:0', 'Friday': '0:0-0:0', 'Saturday': '0:0-0:0', 'Sunday': '0:0-0:0'}"
54540,fqC3Iu46oXYuN-YVpMUg_w,Drury Plaza Hotel St. Louis At The Arch,2 South 4th St,Saint Louis,CA,63101,38.6248869,-90.188709,4.5,151,1,"{'WiFi': ""u'free'"", 'BusinessAcceptsCreditCards': 'True', 'RestaurantsPriceRange2': '2'}","Hotels & Travel, Hotels, Event Planning & Services","{'Monday': '12:0-12:0', 'Tuesday': '12:0-12:0', 'Wednesday': '12:0-12:0', 'Thursday': '12:0-12:0', 'Friday': '12:0-12:0', 'Saturday': '12:0-12:0'}"
56290,lynRxJIurnxYiaM-595Ngw,Fork & Bottle,1 Liberty Blvd,Malvern,CA,19355,40.0557033,-75.5268511,4.0,46,1,"{'HasTV': 'False', 'RestaurantsGoodForGroups': 'True', 'OutdoorSeating': 'True', 'GoodForKids': 'True', 'Alcohol': ""u'full_bar'"", 'RestaurantsReservations': 'True', 'BusinessAcceptsCreditCards': 'True', 'NoiseLevel': ""u'quiet'"", 'RestaurantsTakeOut': 'True', 'Ambience': ""{'touristy': False, 'hipster': False, 'romantic': False, 'divey': False, 'intimate': False, 'trendy': False, 'upscale': True, 'classy': True, 'casual': False}"", 'GoodForMeal': ""{'dessert': False, 'latenight': False, 'lunch': False, 'dinner': True, 'brunch': True, 'breakfast': False}"", 'WiFi': ""'no'"", 'RestaurantsPriceRange2': '3', 'RestaurantsAttire': ""'casual'"", 'Music': ""{'dj': False, 'background_music': False, 'no_music': False, 'jukebox': False, 'live': False, 'video': False, 'karaoke': False}"", 'BikeParking': 'False', 'RestaurantsDelivery': 'True', 'BusinessParking': ""{'garage': False, 'street': False, 'validated': False, 'lot': True, 'valet': False}""}","Cocktail Bars, Food, American (Traditional), Hotels & Travel, Event Planning & Services, Hotels, Breakfast & Brunch, Nightlife, Buffets, Desserts, Bars, Restaurants","{'Monday': '11:30-21:0', 'Tuesday': '11:30-21:0', 'Wednesday': '11:30-21:0', 'Thursday': '11:30-21:0', 'Friday': '11:30-21:0', 'Saturday': '11:30-21:0', 'Sunday': '10:0-21:0'}"
57606,sUys3YPdeI40V_1ud0Z88Q,Four Points by Sheraton Tucson University Plaza,1900 E Speedway,Tucson,CA,85719,32.235694,-110.943389,2.0,8,0,"{'BusinessAcceptsCreditCards': 'True', 'WiFi': ""u'free'"", 'RestaurantsPriceRange2': '1', 'HasTV': 'True'}","Event Planning & Services, Hotels & Travel, American (New), Venues & Event Spaces, Nightlife, Hotels, Restaurants",
57671,HBeYAV1Q0XKj2M3hsrAZYg,Hampton Inn & Suites Philadelphia/Media,300 S Beatty Rd,Media,CA,19063,39.913802,-75.3790875,4.0,8,1,"{'WiFi': ""u'free'"", 'BusinessAcceptsCreditCards': 'True'}","Hotels, Event Planning & Services, Hotels & Travel","{'Monday': '0:0-0:0', 'Tuesday': '0:0-0:0', 'Wednesday': '0:0-0:0', 'Thursday': '0:0-0:0', 'Friday': '0:0-0:0', 'Saturday': '0:0-0:0', 'Sunday': '0:0-0:0'}"
59091,DuYEsU_O35JMvLSDTMl_Tw,Hampton Inn St. Louis-NW I-270,55 Dunn Rd,Florissant,CA,63031,38.776739,-90.336263,3.5,7,0,"{'BusinessAcceptsCreditCards': 'True', 'WiFi': ""u'free'"", 'RestaurantsPriceRange2': '2'}","Hotels & Travel, Event Planning & Services, Hotels",
60155,yi9udL5fcmBjwcBcygv51Q,Canal Place,333 Canal St,New Orleans,CA,70130,29.9509988462,-90.0649962815,3.5,112,1,"{'BusinessAcceptsCreditCards': 'True', 'BikeParking': 'True', 'RestaurantsPriceRange2': '3', 'WheelchairAccessible': 'True', 'ByAppointmentOnly': 'False', 'WiFi': ""'no'"", 'BusinessParking': ""{u'valet': False, u'garage': True, u'street': False, u'lot': False, u'validated': True}"", 'DogsAllowed': 'True'}","Shoe Stores, Fashion, Caterers, Shopping, Hotels, Hotels & Travel, Men's Clothing, Shopping Centers, Event Planning & Services","{'Monday': '0:0-0:0', 'Tuesday': '10:0-18:0', 'Wednesday': '10:0-18:0', 'Thursday': '10:0-18:0', 'Friday': '10:0-18:0', 'Saturday': '10:0-16:0', 'Sunday': '12:0-16:0'}"
60166,VO368SHTB5QnlLocvU1LEQ,Indy Park Ride & Fly,3875 Plainfield Rd,Indianapolis,CA,46231,39.70632,-86.332106,4.0,13,0,,"Parking, Hotels & Travel, Automotive, Airport Shuttles, Transportation","{'Monday': '6:0-5:30', 'Tuesday': '6:0-5:30', 'Wednesday': '6:0-5:30', 'Thursday': '6:0-5:30', 'Friday': '6:0-5:30', 'Saturday': '6:0-5:30', 'Sunday': '6:0-5:30'}"
65110,DapgvU4e0zpofZSbl-w5xA,House Of Broel,2220 Saint Charles Ave,New Orleans,CA,70130,29.9335411,-90.0808918,4.0,25,1,"{'BusinessParking': ""{'garage': False, 'street': True, 'validated': False, 'lot': False, 'valet': False}"", 'GoodForKids': 'False', 'RestaurantsPriceRange2': '2', 'ByAppointmentOnly': 'False', 'BikeParking': 'True', 'BusinessAcceptsCreditCards': 'False'}","Bridal, Museums, Venues & Event Spaces, Toy Stores, Shopping, Tours, Event Planning & Services, Wedding Planning, Religious Organizations, Party & Event Planning, Arts & Entertainment, Hotels & Travel, Landmarks & Historical Buildings, Public Services & Government","{'Monday': '9:0-17:0', 'Tuesday': '9:0-17:0', 'Wednesday': '9:0-17:0', 'Thursday': '9:0-17:0', 'Friday': '9:0-17:0', 'Saturday': '9:0-13:0'}"
65290,rabf02tlGDa8DcsYKal_kA,Penn's Landing,Blue Cross River Rin,Philadelphia,CA,19102,39.9479483,-75.1397376,4.0,7,1,"{'BusinessParking': ""{'garage': False, 'street': False, 'validated': False, 'lot': True, 'valet': False}""}","Active Life, Tours, Hotels & Travel, Parks",
66845,SG9XqFtfX1jRolp9og5kBQ,La Quinta by Wyndham Tampa North I-75,17301 Dona Michelle Dr,Tampa,CA,33647,28.1237,-82.370914,3.5,27,1,"{'BusinessAcceptsCreditCards': 'True', 'WiFi': ""'free'"", 'RestaurantsPriceRange2': '2'}","Event Planning & Services, Hotels, Hotels & Travel","{'Monday': '0:0-0:0', 'Tuesday': '0:0-0:0', 'Wednesday': '0:0-0:0', 'Thursday': '0:0-0:0', 'Friday': '0:0-0:0', 'Saturday': '0:0-0:0', 'Sunday': '0:0-0:0'}"
66976,jxbhi7rEQIjh4uSRunZQVA,Hampton Inn St. Louis-Downtown At the Gateway Arch,333 Washington Avenue,Saint Louis,CA,63102,38.630049,-90.186505,4.0,112,1,"{'BusinessAcceptsCreditCards': 'True', 'RestaurantsPriceRange2': '2', 'WiFi': ""u'free'""}","Event Planning & Services, Hotels, Hotels & Travel","{'Monday': '0:0-0:0', 'Tuesday': '0:0-0:0', 'Wednesday': '0:0-0:0', 'Thursday': '0:0-0:0', 'Friday': '0:0-0:0', 'Saturday': '0:0-0:0', 'Sunday': '0:0-0:0'}"
67497,Ii1xoRrppLLOSb66rXRorw,Intown Suites,4314 W Ina Rd,Tucson,CA,85741,32.3382967,-111.0579166,2.0,8,1,,"Hotels, Hotels & Travel, Apartments, Home Services, Guest Houses, Real Estate, Event Planning & Services","{'Monday': '11:0-19:0', 'Tuesday': '11:0-19:0', 'Wednesday': '11:0-19:0', 'Thursday': '11:0-19:0', 'Friday': '11:0-19:0', 'Saturday': '11:0-19:0'}"
67966,OE3ZfpTIi1HhueAQB_cPAA,Dolphin Beach Resort,4900 Gulf Blvd,St. Pete Beach,CA,33706,27.7224916,-82.7410875,2.5,138,1,"{'RestaurantsPriceRange2': '2', 'WiFi': ""u'free'"", 'BusinessAcceptsCreditCards': 'True'}","Event Planning & Services, Venues & Event Spaces, Hotels, Hotels & Travel","{'Monday': '0:0-0:0', 'Tuesday': '0:0-0:0', 'Wednesday': '0:0-0:0', 'Thursday': '0:0-0:0', 'Friday': '0:0-0:0', 'Saturday': '0:0-0:0', 'Sunday': '0:0-0:0'}"
69118,LnN94-sJc8U6shh_i0oclw,New Hope Railroad,32 W Bridge St,New Hope,CA,18938,40.3653211,-74.953528,2.0,150,1,"{'GoodForKids': 'True', 'ByAppointmentOnly': 'False', 'WiFi': ""u'no'""}","Hotels & Travel, Tours, Train Stations, Local Flavor, Arts & Entertainment","{'Friday': '11:0-15:0', 'Saturday': '11:0-17:0', 'Sunday': '11:0-17:0'}"
72332,MuTQhS1X7eOg6cNqrSVrCQ,Brinton Hotel & Suites,1516 Wilmington Pike,West Chester,CA,19382,39.8910589,-75.5560925,2.5,7,1,"{'WiFi': ""'free'"", 'BusinessAcceptsCreditCards': 'True', 'RestaurantsPriceRange2': '2'}","Event Planning & Services, Hotels & Travel, Hotels","{'Monday': '8:0-20:0', 'Tuesday': '8:0-20:0', 'Wednesday': '8:0-20:0', 'Thursday': '8:0-20:0', 'Friday': '8:0-20:0', 'Saturday': '8:0-20:0', 'Sunday': '8:0-20:0'}"
72439,Q_RiHdDrdtWFiVRxO3nOoA,Comfort Suites,137 Ludwig Drive,Fairview Heights,CA,62208,38.601519,-89.994293,2.5,11,1,"{'BusinessAcceptsCreditCards': 'True', 'WiFi': ""u'free'"", 'RestaurantsPriceRange2': '2'}","Event Planning & Services, Hotels, Hotels & Travel","{'Monday': '0:0-0:0', 'Tuesday': '0:0-0:0', 'Wednesday': '0:0-0:0', 'Thursday': '0:0-0:0', 'Friday': '0:0-0:0', 'Saturday': '0:0-0:0', 'Sunday': '0:0-0:0'}"
73766,h_n1ud_xJSpskAyBwMK4jg,ZESCO,640 N Capitol Ave,Indianapolis,CA,46204,39.7767547,-86.1618625,3.5,9,1,"{'BikeParking': 'True', 'BusinessParking': ""{'garage': False, 'street': False, 'validated': False, 'lot': True, 'valet': False}"", 'BusinessAcceptsCreditCards': 'True', 'RestaurantsPriceRange2': '2', 'ByAppointmentOnly': 'False', 'RestaurantsDelivery': 'None', 'RestaurantsTakeOut': 'None'}","Professional Services, Restaurant Supplies, Kitchen & Bath, Nightlife, Appliances, Kitchen Supplies, Food, Hotels & Travel, Tableware, Restaurants, Shopping, Home & Garden, Wholesalers","{'Monday': '8:0-17:0', 'Tuesday': '8:0-17:0', 'Wednesday': '8:0-17:0', 'Thursday': '8:0-17:0', 'Friday': '8:0-17:0'}"
73811,XF2Sm0Jz7VYrZe-ZN-Djgg,Shamrock RV Park,260 E Parr Blvd,Reno,CA,89512,39.56919,-119.821898,4.0,20,1,"{'BusinessAcceptsCreditCards': 'True', 'RestaurantsPriceRange2': '2', 'WiFi': ""u'free'"", 'BusinessParking': ""{'garage': False, 'street': False, 'validated': False, 'lot': False, 'valet': False}""}","Hotels & Travel, Sporting Goods, Hotels, Shopping, Event Planning & Services, Campgrounds, Outdoor Gear, RV Parks","{'Monday': '8:0-17:0', 'Tuesday': '8:0-17:0', 'Wednesday': '8:0-17:0', 'Thursday': '8:0-17:0', 'Friday': '8:0-17:0', 'Saturday': '8:0-17:0', 'Sunday': '8:0-17:0'}"
74358,CkTI2JkeftEW3rmfA-hkxg,Motel 6,217 S Black Horse Pike,Bellmawr,CA,08031,39.8643586,-75.0781339,2.0,8,0,"{'BusinessAcceptsCreditCards': 'True', 'RestaurantsPriceRange2': '2', 'WiFi': ""u'free'""}","Hotels, Event Planning & Services, Hotels & Travel",
74462,RIi9_NoeQ2gjqW_8HW0PYw,Holiday Inn Metairie New Orleans Airport,2261 N Causeway Blvd,Metairie,CA,70001,29.9935903,-90.1549946,2.5,38,1,"{'WiFi': ""u'free'"", 'RestaurantsPriceRange2': '2', 'BusinessAcceptsCreditCards': 'True'}","Event Planning & Services, Resorts, Hotels & Travel, Venues & Event Spaces, Hotels","{'Monday': '0:0-0:0', 'Tuesday': '0:0-0:0', 'Wednesday': '0:0-0:0', 'Thursday': '0:0-0:0', 'Friday': '0:0-0:0', 'Saturday': '0:0-0:0', 'Sunday': '0:0-0:0'}"
75490,6eTre0dyL-_aWia02e3mfg,Days Inn & Suites by Wyndham Northwest Indianapolis,3910 Payne Branch Road,Indianapolis,CA,46268,39.9186384,-86.2272856,2.0,23,1,"{'BusinessAcceptsCreditCards': 'True', 'WiFi': ""u'free'"", 'RestaurantsPriceRange2': '1'}","Hotels & Travel, Event Planning & Services, Hotels",
79393,toEYTrafM81UMo2GyCSxFw,Cambria Hotel Philadelphia Downtown Center City,219 South Broad Street,Philadelphia,CA,19107,39.9486052,-75.1640808,3.5,84,1,"{'WiFi': ""'free'"", 'BusinessAcceptsCreditCards': 'True', 'RestaurantsPriceRange2': '3'}","Hotels, Event Planning & Services, Hotels & Travel","{'Monday': '0:0-0:0', 'Tuesday': '0:0-0:0', 'Wednesday': '0:0-0:0', 'Thursday': '0:0-0:0', 'Friday': '0:0-0:0', 'Saturday': '0:0-0:0', 'Sunday': '0:0-0:0'}"
79895,WRuW-59kMoJBEOlSUI8nfw,Easy Rider Transport,,St. Petersburg,CA,33701,27.7730556,-82.64,4.0,5,1,"{'ByAppointmentOnly': 'True', 'WiFi': ""u'no'"", 'AcceptsInsurance': 'False', 'BusinessAcceptsCreditCards': 'True'}","Health & Medical, Hotels & Travel, Transportation, Airport Shuttles, Medical Transportation","{'Monday': '8:0-17:0', 'Tuesday': '8:0-17:0', 'Wednesday': '8:0-17:0', 'Thursday': '8:0-17:0', 'Friday': '8:0-17:0', 'Saturday': '8:0-17:0'}"
80542,uwPw6d4WCX46fVizFmFSnA,Korman Residential at Cherrywood,1200 Little Gloucester Rd,Clementon,CA,08021,39.800558,-75.038318,2.0,7,1,"{'WheelchairAccessible': 'True', 'BusinessAcceptsBitcoin': 'False', 'BusinessAcceptsCreditCards': 'True', 'ByAppointmentOnly': 'False'}","Real Estate, Hotels, Apartments, Home Services, Event Planning & Services, Hotels & Travel","{'Monday': '9:0-17:0', 'Tuesday': '9:0-17:0', 'Wednesday': '9:0-17:0', 'Thursday': '9:0-17:0', 'Friday': '9:0-17:0'}"
80572,ijU7hEUbD1Nq7KKbi4nyeQ,I Bike Santa Barbara Wine Country Tours,113 Harbor Way,Santa Barbara,CA,93109,34.4037623,-119.6942723,5.0,79,1,"{'GoodForKids': 'True', 'BusinessAcceptsCreditCards': 'True'}","Hotels & Travel, Wine Tours, Bike tours, Mountain Biking, Bike Rentals, Wineries, Arts & Entertainment, Tours, Food, Fitness & Instruction, Active Life","{'Monday': '9:0-17:0', 'Tuesday': '9:0-17:0', 'Wednesday': '9:0-17:0', 'Thursday': '9:0-17:0', 'Friday': '9:0-17:0', 'Saturday': '9:0-17:0', 'Sunday': '9:0-17:0'}"
80804,VVWFWiFpKo2PewPh2y8_iw,Chimney Hill Estate Inn,207 Goat Hill Rd,Lambertville,CA,08530,40.359176,-74.934707,3.5,42,0,"{'BusinessAcceptsCreditCards': 'True', 'WiFi': ""u'free'"", 'RestaurantsPriceRange2': '3'}","Hotels, Hotels & Travel, Bed & Breakfast, Event Planning & Services",
81268,vOTMHgrhjnKEn2Sy_oKExQ,Playtime Learning Academy,4701 Ehrlich Rd,Tampa,CA,33624,28.0849763,-82.5258032,5.0,5,1,"{'BusinessAcceptsCreditCards': 'True', 'ByAppointmentOnly': 'False'}","Education, Recreation Centers, Child Care & Day Care, Local Services, Preschools, Campgrounds, Active Life, Hotels & Travel","{'Monday': '6:0-18:0', 'Tuesday': '6:0-18:0', 'Wednesday': '6:0-18:0', 'Thursday': '6:0-18:0', 'Friday': '6:0-18:0'}"
81459,wJxy5gsCOIHoIH20yV80ng,The Musical History Tours,6TH St And Market St,Philadelphia,CA,19106,39.9507334382,-75.1501874998,5.0,5,1,"{'WiFi': ""u'no'""}","Tours, Historical Tours, Hotels & Travel, Bus Tours","{'Monday': '14:0-17:0', 'Tuesday': '14:0-17:0', 'Wednesday': '14:0-17:0', 'Thursday': '14:0-17:0', 'Friday': '14:0-17:0', 'Saturday': '14:0-17:0', 'Sunday': '14:0-17:0'}"
83220,j0BboZmuQ4B1UIzhJ1VIBA,Quality Inn & Suites,7411 N. Oracle Rd,Tucson,CA,85704,32.3414188,-110.9777663,4.0,6,0,"{'RestaurantsPriceRange2': '2', 'BusinessAcceptsCreditCards': 'True', 'WiFi': ""u'free'""}","Hotels, Event Planning & Services, Hotels & Travel",
83534,i_Dq9LGH_2F0-CQx7ItbmQ,Residence Inn St. Louis Airport/Earth City,3290 Rider Trl S,Earth City,CA,63045,38.7614326,-90.454006,3.0,26,1,"{'RestaurantsPriceRange2': '2', 'BusinessAcceptsCreditCards': 'True', 'WiFi': ""'free'""}","Event Planning & Services, Hotels, Hotels & Travel",
84361,UAFrK91Wd3YLBJg8Hfxj1Q,Stratford Inn,800 S Hwy Dr,Fenton,CA,63026,38.54177,-90.45697,2.0,13,0,"{'BusinessParking': ""{'garage': False, 'street': False, 'validated': False, 'lot': False, 'valet': False}"", 'RestaurantsGoodForGroups': 'True', 'HasTV': 'True', 'OutdoorSeating': 'True', 'Alcohol': ""'full_bar'"", 'NoiseLevel': ""'average'"", 'RestaurantsTakeOut': 'True', 'Ambience': ""{'touristy': False, 'hipster': False, 'romantic': False, 'divey': False, 'intimate': False, 'trendy': False, 'upscale': False, 'classy': False, 'casual': False}"", 'RestaurantsPriceRange2': '1', 'RestaurantsReservations': 'False', 'RestaurantsAttire': ""'casual'"", 'BusinessAcceptsCreditCards': 'True', 'GoodForKids': 'False', 'RestaurantsDelivery': 'False', 'RestaurantsTableService': 'True', 'WiFi': ""'free'"", 'Caters': 'False', 'GoodForMeal': ""{'dessert': False, 'latenight': False, 'lunch': False, 'dinner': False, 'brunch': False, 'breakfast': False}"", 'BikeParking': 'True'}","Restaurants, Hotels & Travel, Event Planning & Services, Chicken Wings, Hotels, Venues & Event Spaces, American (New)","{'Monday': '18:30-23:0', 'Wednesday': '18:30-23:0', 'Thursday': '18:30-23:0', 'Friday': '18:30-23:0', 'Sunday': '14:0-19:0'}"
84921,E5ltjwd1IlUwbY75xRcspA,JBJ Limousine,50 College Drive,Clementon,CA,08021,39.8021041,-75.0249485,2.5,9,1,"{'WiFi': ""u'free'""}","Limos, Airport Shuttles, Transportation, Hotels & Travel","{'Monday': '9:0-21:0', 'Tuesday': '9:0-21:0', 'Wednesday': '9:0-21:0', 'Thursday': '9:0-21:0', 'Friday': '9:0-21:0', 'Saturday': '9:0-21:0', 'Sunday': '9:0-21:0'}"
86212,jX1kNhinDzathM9gLumIjA,"Brisas Del Mar, Inn at the Beach",223 Castillo St,Santa Barbara,CA,93101,34.4101247243,-119.6972139087,4.5,194,1,"{'RestaurantsPriceRange2': '2', 'BusinessAcceptsCreditCards': 'True', 'WiFi': ""u'free'"", 'DogsAllowed': 'False'}","Event Planning & Services, Hotels & Travel, Hotels","{'Monday': '0:0-0:0', 'Tuesday': '0:0-0:0', 'Wednesday': '0:0-0:0', 'Thursday': '0:0-0:0', 'Friday': '0:0-0:0', 'Saturday': '0:0-0:0', 'Sunday': '0:0-0:0'}"
86479,PEoe-xRD9EG-gSbJeEA91w,Magazine Street,,New Orleans,CA,70115,29.9219677,-90.1073935,4.0,13,1,"{'GoodForKids': 'True', 'ByAppointmentOnly': 'False', 'BusinessParking': ""{'garage': False, 'street': False, 'validated': False, 'lot': False, 'valet': False}"", 'RestaurantsPriceRange2': '3', 'BusinessAcceptsCreditCards': 'True', 'BikeParking': 'True'}","Personal Shopping, Travel Services, Travel Agents, Local Flavor, Shopping, Hotels & Travel, Restaurants","{'Monday': '0:0-0:0', 'Tuesday': '0:0-0:0', 'Wednesday': '0:0-0:0', 'Thursday': '0:0-0:0', 'Friday': '0:0-0:0', 'Saturday': '0:0-0:0', 'Sunday': '0:0-0:0'}"
86668,hmO76DoSlxEUPJ2NN3K9aw,Fly Away Airport Parking,1671 Murfreesboro Pike,Nashville,CA,37217,36.1032776,-86.6677192,2.5,63,1,"{'BusinessAcceptsCreditCards': 'True', 'WiFi': ""u'free'""}","Airport Shuttles, Hotels & Travel, Transportation, Parking, Automotive","{'Monday': '0:0-0:0', 'Tuesday': '0:0-0:0', 'Wednesday': '0:0-0:0', 'Thursday': '0:0-0:0', 'Friday': '0:0-0:0', 'Saturday': '0:0-0:0', 'Sunday': '0:0-0:0'}"
86679,GNg0V6jRIFwU4JTKc-tppA,Sumneytown Hotel,3188 Main St,Sumneytown,CA,18054,40.3284623,-75.4518179,4.5,13,1,"{'RestaurantsGoodForGroups': 'True', 'Alcohol': ""u'full_bar'"", 'OutdoorSeating': 'False', 'RestaurantsDelivery': 'False', 'RestaurantsAttire': ""u'casual'"", 'GoodForKids': 'True', 'RestaurantsReservations': 'True', 'RestaurantsTakeOut': 'True', 'Caters': 'False', 'HasTV': 'True', 'RestaurantsPriceRange2': '2', 'BusinessAcceptsCreditCards': 'True', 'NoiseLevel': ""u'average'"", 'WiFi': ""u'no'"", 'BusinessParking': ""{'garage': False, 'street': False, 'validated': False, 'lot': True, 'valet': False}"", 'Ambience': ""{'romantic': False, 'intimate': False, 'touristy': False, 'hipster': False, 'divey': False, 'classy': False, 'trendy': False, 'upscale': False, 'casual': True}"", 'WheelchairAccessible': 'False', 'Music': ""{'dj': False, 'background_music': False, 'no_music': False, 'jukebox': False, 'live': False, 'video': False, 'karaoke': False}""}","Hotels, Event Planning & Services, Bars, Restaurants, Hotels & Travel, Nightlife, American (Traditional)","{'Monday': '11:30-0:0', 'Tuesday': '11:30-0:0', 'Wednesday': '11:30-0:0', 'Thursday': '11:30-0:0', 'Friday': '11:30-0:0', 'Saturday': '11:30-0:0', 'Sunday': '12:0-22:0'}"
87358,fla7uhSa82DyFTMxiO53ng,Four Points by Sheraton French Quarter,541 Bourbon St,New Orleans,CA,70130,29.9577981,-90.0666116,3.5,206,1,"{'WiFi': ""u'free'"", 'RestaurantsPriceRange2': '2', 'BusinessAcceptsCreditCards': 'True', 'DogsAllowed': 'False', 'WheelchairAccessible': 'True', 'BusinessAcceptsBitcoin': 'False'}","Hotels & Travel, Event Planning & Services, Venues & Event Spaces, Hotels","{'Monday': '0:0-0:0', 'Tuesday': '0:0-0:0', 'Wednesday': '0:0-0:0', 'Thursday': '0:0-0:0', 'Friday': '0:0-0:0', 'Saturday': '0:0-0:0', 'Sunday': '0:0-0:0'}"
88311,-8f94QxhC2_BNjQ0AS8gPg,Handi Car,1137 N Winstel Blvd,Tucson,CA,85716,32.2371698,-110.9121743,2.5,5,1,,"Taxis, Transportation, Hotels & Travel","{'Monday': '8:0-20:0', 'Tuesday': '8:0-20:0', 'Wednesday': '8:0-20:0', 'Thursday': '8:0-20:0', 'Friday': '8:0-20:0', 'Saturday': '8:0-18:0', 'Sunday': '8:0-18:0'}"
88371,YhY4y8RvdxLaDoG2MgQwcQ,Carriage House of New Hope,8 E Mechanic St,New Hope,CA,18938,40.3618543,-74.9500691,4.5,12,1,"{'RestaurantsPriceRange2': '4', 'WiFi': ""u'free'"", 'BusinessAcceptsCreditCards': 'True'}","Hotels & Travel, Hotels, Event Planning & Services, Bed & Breakfast, Vacation Rentals, Guest Houses","{'Monday': '0:0-0:0', 'Tuesday': '0:0-0:0', 'Wednesday': '0:0-0:0', 'Thursday': '0:0-0:0', 'Friday': '0:0-0:0', 'Saturday': '0:0-0:0', 'Sunday': '0:0-0:0'}"
88789,9aImekqGnpxl1HIhzBrd7Q,Suncoast Watersports,5300 Gulf Blvd,Saint Pete Beach,CA,33705,27.7270163969,-82.7431447411,4.5,47,1,"{'BusinessParking': ""{'garage': False, 'street': False, 'validated': False, 'lot': False, 'valet': False}"", 'ByAppointmentOnly': 'False', 'GoodForKids': 'True', 'BusinessAcceptsCreditCards': 'True', 'BikeParking': 'False'}","Active Life, Jet Skis, Hotels & Travel, Tours, Boating, Boat Tours, Parasailing, Snorkeling, Event Planning & Services, Rafting/Kayaking, Boat Charters","{'Monday': '9:0-18:0', 'Tuesday': '9:0-18:0', 'Wednesday': '9:0-18:0', 'Thursday': '9:0-18:0', 'Friday': '9:0-18:0', 'Saturday': '9:0-18:0', 'Sunday': '9:0-18:0'}"
90365,YCQ7T0IIggvI2Ed2q0PhvA,Checker Cab Philly,2301 Church St,Philadelphia,CA,19124,40.0056684,-75.082377,1.0,8,1,,"Hotels & Travel, Transportation, Local Flavor, Automotive, Local Services, Taxis",
91378,mxbnb3UCKZQvWri3TGgogQ,Thrifty Rent A Car,4174 Cypress Rd,SAINT LOUIS AP,CA,63074,38.737172,-90.387736,2.0,117,1,,"Hotels & Travel, Car Rental","{'Monday': '5:0-23:0', 'Tuesday': '5:0-23:0', 'Wednesday': '5:0-23:0', 'Thursday': '5:0-23:0', 'Friday': '5:0-23:0', 'Saturday': '6:0-21:0', 'Sunday': '6:0-23:0'}"
91540,uQWhejZCTCeJheRXOAU8ig,Red Hawk Golf and Resort,6600 N Wingfield Pkwy,Sparks,CA,89436,39.6131689311,-119.6877720353,3.5,67,1,"{'BusinessAcceptsCreditCards': 'True', 'BusinessParking': ""{'garage': False, 'street': False, 'validated': False, 'lot': True, 'valet': False}"", 'BikeParking': 'True', 'GoodForKids': 'True', 'RestaurantsPriceRange2': '2', 'WheelchairAccessible': 'True', 'ByAppointmentOnly': 'False', 'WiFi': ""u'free'"", 'DogsAllowed': 'False'}","Hotels & Travel, Event Planning & Services, Resorts, Hotels, Country Clubs, Sports Clubs, Active Life, Arts & Entertainment, Golf","{'Monday': '8:0-20:0', 'Tuesday': '8:0-20:0', 'Wednesday': '8:0-20:0', 'Thursday': '8:0-20:0', 'Friday': '8:0-20:0', 'Saturday': '8:0-20:0', 'Sunday': '8:0-20:0'}"
92272,Z9ra0PkKNznX3SjKvHtoDg,Aloft Hotels - Cortex,4245 Duncan Ave,St. Louis,CA,63110,38.6354074908,-90.2518936247,3.0,18,1,,"Hotels & Travel, Hotels, Event Planning & Services",
93267,UjOq8dBVNv9weHrVDqm3kQ,Hotel Milo Santa Barbara,202 W Cabrillo Blvd,Santa Barbara,CA,93101,34.4104385376,-119.6920394897,3.0,825,1,"{'RestaurantsPriceRange2': '3', 'BusinessAcceptsBitcoin': 'False', 'BusinessAcceptsCreditCards': 'True', 'WiFi': ""u'free'"", 'DogsAllowed': 'True'}","Hotels, Event Planning & Services, Hotels & Travel","{'Monday': '0:0-0:0', 'Tuesday': '0:0-0:0', 'Wednesday': '0:0-0:0', 'Thursday': '0:0-0:0', 'Friday': '0:0-0:0', 'Saturday': '0:0-0:0', 'Sunday': '0:0-0:0'}"
93762,bKtYoWxtlHaqP6KN65HWcA,River City Casino & Hotel,777 River City Casino Blvd,St. Louis,CA,63125,38.5324476303,-90.2636504173,3.0,156,1,"{'RestaurantsReservations': 'False', 'Alcohol': ""u'full_bar'"", 'RestaurantsPriceRange2': '2', 'GoodForKids': 'False', 'BusinessAcceptsCreditCards': 'True', 'RestaurantsGoodForGroups': 'True', 'WiFi': ""'free'"", 'HasTV': 'True', 'OutdoorSeating': 'True', 'WheelchairAccessible': 'True', 'BikeParking': 'True', 'BestNights': ""{'monday': False, 'tuesday': False, 'friday': False, 'wednesday': True, 'thursday': True, 'sunday': False, 'saturday': False}"", 'HappyHour': 'True', 'Ambience': ""{'touristy': True, 'hipster': False, 'romantic': False, 'divey': False, 'intimate': False, 'trendy': False, 'upscale': False, 'classy': True, 'casual': True}"", 'BusinessParking': ""{'garage': True, 'street': False, 'validated': False, 'lot': True, 'valet': True}"", 'Smoking': ""u'yes'"", 'NoiseLevel': ""'average'"", 'Music': ""{'dj': False, 'background_music': False, 'no_music': False, 'jukebox': False, 'live': True, 'video': False, 'karaoke': False}""}","Event Planning & Services, Local Flavor, Nightlife, Hotels & Travel, Casinos, Hotels, Restaurants, Social Clubs, Arts & Entertainment","{'Monday': '0:0-0:0', 'Tuesday': '0:0-0:0', 'Wednesday': '0:0-0:0', 'Thursday': '0:0-0:0', 'Friday': '0:0-0:0', 'Saturday': '0:0-0:0', 'Sunday': '0:0-0:0'}"
94508,QM6ydur0eyQxrrUYF__XMQ,Holiday Inn Express & Suites Philadelphia - Mt. Laurel,6000 Crawford Pl,Mount Laurel,CA,08054,39.9151461,-74.9477746,3.5,12,1,"{'BusinessAcceptsCreditCards': 'True', 'RestaurantsPriceRange2': '2', 'WiFi': ""u'free'""}","Hotels & Travel, Event Planning & Services, Hotels, Venues & Event Spaces","{'Monday': '0:0-0:0', 'Tuesday': '0:0-0:0', 'Wednesday': '0:0-0:0', 'Thursday': '0:0-0:0', 'Friday': '0:0-0:0', 'Saturday': '0:0-0:0', 'Sunday': '0:0-0:0'}"
94979,EYra7eaplsf9XVdOghcfwQ,Best Western Plus Pontoon Beach,4 Regency Pkwy,Pontoon Beach,CA,62040,38.7459511,-90.0731275,3.0,12,1,"{'RestaurantsPriceRange2': '2', 'WiFi': ""'free'"", 'BusinessAcceptsCreditCards': 'True'}","Event Planning & Services, Hotels, Hotels & Travel","{'Monday': '0:0-0:0', 'Tuesday': '0:0-0:0', 'Wednesday': '0:0-0:0', 'Thursday': '0:0-0:0', 'Friday': '0:0-0:0', 'Saturday': '0:0-0:0', 'Sunday': '0:0-0:0'}"
95297,Z6hqjf076rZHcfKQRMKUmg,Kimpton Aertson Hotel,2021 Broadway,Nashville,CA,37203,36.1486415119,-86.798840813,3.5,83,1,"{'DogsAllowed': 'True', 'WheelchairAccessible': 'True', 'RestaurantsPriceRange2': '3', 'WiFi': ""'free'"", 'BusinessAcceptsCreditCards': 'True'}","Venues & Event Spaces, Hotels, Event Planning & Services, Hotels & Travel","{'Monday': '0:0-0:0', 'Tuesday': '0:0-0:0', 'Wednesday': '0:0-0:0', 'Thursday': '0:0-0:0', 'Friday': '0:0-0:0', 'Saturday': '0:0-0:0', 'Sunday': '0:0-0:0'}"
95592,bz0MIlLjDMsnlGdeD5Ohcg,Hertz Rent A Car,13150 I-10 Service Rd,New Orleans,CA,70128,30.053792,-89.947102,2.0,6,1,,"Hotels & Travel, Car Rental","{'Monday': '8:0-17:0', 'Tuesday': '8:0-17:0', 'Wednesday': '8:0-17:0', 'Thursday': '8:0-17:0', 'Friday': '8:0-17:0'}"
95899,sMONhdaJjNGy97fypPcGxw,Metterra Hotel On Whyte,10454-82 Avenue NW,Edmonton,CA,T6E 4Z7,53.5181865,-113.499732,4.0,32,1,"{'RestaurantsPriceRange2': '3', 'WiFi': ""u'free'""}","Hotels & Travel, Hotels, Event Planning & Services","{'Monday': '0:0-0:0', 'Tuesday': '0:0-0:0', 'Wednesday': '0:0-0:0', 'Thursday': '0:0-0:0', 'Friday': '0:0-0:0', 'Saturday': '0:0-0:0', 'Sunday': '0:0-0:0'}"
96269,bcsPvOn4fVE_0SvRjIP1lw,MetroLink Lambert Airport Terminal 2 Station,10101 Lambert International Blvd,St. Louis,CA,63145,38.7358844,-90.3556325,3.5,10,1,,"Train Stations, Hotels & Travel, Public Transportation, Transportation",
96422,E-_Hnb6cyV01sX6UuF_ljw,Tampa Fishing Charters,401 Channelside Walk Way,Tampa,CA,33602,27.9400711,-82.4512827,5.0,10,1,"{'GoodForKids': 'True', 'BusinessParking': ""{'garage': False, 'street': False, 'validated': False, 'lot': False, 'valet': False}"", 'BikeParking': 'True'}","Active Life, Tours, Hotels & Travel, Boating, Boat Tours, Event Planning & Services, Fishing, Boat Charters","{'Monday': '7:0-18:0', 'Tuesday': '7:0-18:0', 'Wednesday': '7:0-18:0', 'Thursday': '7:0-18:0', 'Friday': '7:0-18:0', 'Saturday': '7:0-18:0', 'Sunday': '7:0-18:0'}"
97720,fGUNmpB-Z3Tx51DM93eaBQ,Whitney Peak Hotel,255 N Virginia St,Reno,CA,89501,39.527929,-119.8141447,3.5,431,1,"{'RestaurantsPriceRange2': '2', 'WiFi': ""'free'"", 'BusinessAcceptsCreditCards': 'True', 'BusinessAcceptsBitcoin': 'False', 'OutdoorSeating': 'False', 'HasTV': 'True', 'BusinessParking': ""{'garage': True, 'street': True, 'validated': False, 'lot': True, 'valet': True}"", 'GoodForKids': 'True', 'Alcohol': ""u'full_bar'"", 'Ambience': ""{'romantic': False, 'intimate': False, 'classy': False, 'hipster': False, 'divey': False, 'touristy': False, 'trendy': False, 'upscale': False, 'casual': False}"", 'DogsAllowed': 'True'}","Climbing, Nightlife, Arts & Entertainment, Hotels & Travel, Active Life, Hotels, Event Planning & Services, Music Venues","{'Monday': '0:0-0:0', 'Tuesday': '0:0-0:0', 'Wednesday': '0:0-0:0', 'Thursday': '0:0-0:0', 'Friday': '0:0-0:0', 'Saturday': '0:0-0:0', 'Sunday': '0:0-0:0'}"
98299,sBcKVeZEHiG9JAxCiGvd2g,Taste of the Comstock,86 S C St,Virginia City,CA,89440,39.3096489,-119.6500556,4.0,14,1,{'GoodForKids': 'True'},"Food Tours, Arts & Entertainment, Tours, Festivals, Hotels & Travel",{'Saturday': '11:0-16:0'}
98305,-12_gQ7NRcMWSRs97mRQdw,Days Inn by Wyndham Gretna New Orleans,100 Westbank Expressway,Gretna,CA,70053,29.9108813,-90.051566,1.5,28,1,"{'RestaurantsPriceRange2': '4', 'WiFi': ""u'no'"", 'BusinessAcceptsCreditCards': 'True'}","Hotels & Travel, Hotels, Event Planning & Services",
98851,iARJl2iEiRah0mcLlglpHQ,Megabus,1211 N Marion St,Tampa,CA,33602,27.9551794,-82.4584146,2.5,19,1,,"Transportation, Hotels & Travel, Public Transportation",
99141,T2vdL8Pil8Tzyo4qjbwuDA,Quality Inn Plainfield - Indianapolis West,6105 Cambridge Way,Plainfield,CA,46168,39.674121,-86.367695,2.0,11,1,"{'BusinessAcceptsCreditCards': 'True', 'WiFi': ""'free'"", 'RestaurantsPriceRange2': '2'}","Event Planning & Services, Hotels & Travel, Hotels","{'Monday': '0:0-0:0', 'Tuesday': '0:0-0:0', 'Wednesday': '0:0-0:0', 'Thursday': '0:0-0:0', 'Friday': '0:0-0:0', 'Saturday': '0:0-0:0', 'Sunday': '0:0-0:0'}"
99292,Vrr4gTUhWJqsXpa5gwFCJw,Delaware Limo,,Wilmington,CA,19805,39.7472496,-75.5917092,3.5,8,1,"{'WiFi': ""u'free'""}","Hotels & Travel, Party Bus Rentals, Event Planning & Services, Limos, Transportation, Airport Shuttles, Taxis","{'Monday': '0:0-0:0', 'Tuesday': '0:0-0:0', 'Wednesday': '0:0-0:0', 'Thursday': '0:0-0:0', 'Friday': '0:0-0:0', 'Saturday': '0:0-0:0', 'Sunday': '0:0-0:0'}"
99484,KxxHb9EaLFuk9qy_BAAOcQ,"Homewood Suites by Hilton Nashville Vanderbilt, TN",2400 W End Ave,Nashville,CA,37203,36.1480439,-86.8068744,4.0,101,1,"{'WiFi': ""u'free'"", 'RestaurantsPriceRange2': '2', 'BusinessAcceptsCreditCards': 'True'}","Event Planning & Services, Hotels, Hotels & Travel","{'Monday': '0:0-0:0', 'Tuesday': '0:0-0:0', 'Wednesday': '0:0-0:0', 'Thursday': '0:0-0:0', 'Friday': '0:0-0:0', 'Saturday': '0:0-0:0', 'Sunday': '0:0-0:0'}"
100850,YbBvjjkav-Wnhi9V4cFsvg,Quality Inn Near Reno-Sparks Convention Center,1885 S. Virginia Street,Reno,CA,89502,39.506311,-119.8043,3.0,31,0,"{'WiFi': ""u'free'"", 'RestaurantsPriceRange2': '2', 'BusinessAcceptsCreditCards': 'True'}","Hotels, Event Planning & Services, Hotels & Travel","{'Monday': '0:0-0:0', 'Tuesday': '0:0-0:0', 'Wednesday': '0:0-0:0', 'Thursday': '0:0-0:0', 'Friday': '0:0-0:0', 'Saturday': '0:0-0:0', 'Sunday': '0:0-0:0'}"
101159,Kyr2D8DqnzlJubnNp8poSw,Holiday Inn Express & Suites Spring Hill,"3528 Commercial Way US 19, Us 19",Spring Hill,CA,34606,28.4835071,-82.6054099,2.5,24,1,"{'RestaurantsPriceRange2': '2', 'BusinessAcceptsCreditCards': 'True', 'WiFi': ""u'free'"", 'BusinessAcceptsBitcoin': 'False', 'WheelchairAccessible': 'True', 'DogsAllowed': 'False'}","Hotels, Venues & Event Spaces, Hotels & Travel, Event Planning & Services","{'Monday': '0:0-0:0', 'Tuesday': '0:0-0:0', 'Wednesday': '0:0-0:0', 'Thursday': '0:0-0:0', 'Friday': '0:0-0:0', 'Saturday': '0:0-0:0', 'Sunday': '0:0-0:0'}"
101468,AGtZA_0tR0erViKGTCGtQg,Celebration Cruises,237 Stearns Wharf,Santa Barbara,CA,93101,34.4086834,-119.6850043,4.5,297,1,"{'GoodForKids': 'True', 'BikeParking': 'True', 'BusinessAcceptsCreditCards': 'True', 'BusinessParking': ""{'garage': False, 'street': True, 'validated': False, 'lot': True, 'valet': True}"", 'BusinessAcceptsBitcoin': 'False', 'DogsAllowed': 'False', 'WheelchairAccessible': 'False', 'ByAppointmentOnly': 'True', 'WiFi': ""u'no'""}","Boating, Bars, Hotels & Travel, Boat Charters, Whale Watching Tours, Tours, Event Planning & Services, Nightlife, Active Life","{'Monday': '0:0-0:0', 'Tuesday': '9:0-17:0', 'Wednesday': '9:0-17:0', 'Thursday': '9:0-17:0', 'Friday': '9:0-17:0', 'Saturday': '9:0-17:0', 'Sunday': '9:0-17:0'}"
102141,oNOeJyXy35y2Rmu8F8pW0w,Yellow Cab,8125 Frankford Ave,Philadelphia,CA,19136,40.0425931,-75.0245184,2.0,5,1,,"Transportation, Taxis, Hotels & Travel, Limos",
103024,z41OkHM-u9wsd_ZUti2VUw,Best Western Airport Inn,2660 Airport Way,Boise,CA,83705,43.5698391,-116.2140978,3.5,10,0,"{'BusinessAcceptsCreditCards': 'True', 'RestaurantsPriceRange2': '2', 'WiFi': ""'free'""}","Hotels, Event Planning & Services, Hotels & Travel","{'Monday': '0:0-0:0', 'Tuesday': '0:0-0:0', 'Wednesday': '0:0-0:0', 'Thursday': '0:0-0:0', 'Friday': '0:0-0:0', 'Saturday': '0:0-0:0', 'Sunday': '0:0-0:0'}"
103408,ATzv3wgKWAz94WM1K79EUQ,Doubletree Hotel Boise Riverside,2900 W Chinden Blvd,Garden City,CA,83714,43.6214531,-116.234725,2.5,13,0,"{'RestaurantsPriceRange2': '2', 'WiFi': ""u'free'"", 'BusinessAcceptsCreditCards': 'True'}","Hotels, Event Planning & Services, Hotels & Travel",
105922,arENZ7RTwqOmY3SrcUGExg,Snow Valley,119 Street off Whitemud Freeway,Edmonton,CA,T6R 2V4,53.484043,-113.558711,4.0,13,1,"{'GoodForKids': 'True', 'BikeParking': 'True', 'ByAppointmentOnly': 'True', 'BusinessParking': ""{'garage': False, 'street': False, 'validated': False, 'lot': True, 'valet': False}"", 'WiFi': ""u'no'"", 'DogsAllowed': 'False', 'WheelchairAccessible': 'True'}","Ski Resorts, Event Planning & Services, Skiing, Active Life, Hotels & Travel, Wedding Planning, Venues & Event Spaces","{'Monday': '9:0-21:0', 'Tuesday': '9:0-21:0', 'Wednesday': '9:0-21:0', 'Thursday': '9:0-21:0', 'Friday': '9:0-21:0', 'Saturday': '9:0-17:0', 'Sunday': '9:0-17:0'}"
106220,qeJ7HUUo-Cg75fxDV2dDbA,Allegiant Air,14700 Terminal Blvd,Clearwater,CA,33762,27.9052190108,-82.6923751831,2.0,118,1,,"Hotels & Travel, Airlines, Transportation",
106792,vwDMPGnE9eVQni4zQ-P4-A,Xtreme Limousine,"2775 E Ganley Rd, Ste 103",Tucson,CA,85756,32.1399649,-110.9305922,4.5,15,1,{'BusinessAcceptsCreditCards': 'False'},"Transportation, Airport Shuttles, Party Bus Rentals, Hotels & Travel, Event Planning & Services, Limos","{'Monday': '0:0-0:0', 'Tuesday': '0:0-0:0', 'Wednesday': '0:0-0:0', 'Thursday': '0:0-0:0', 'Friday': '0:0-0:0', 'Saturday': '0:0-0:0', 'Sunday': '0:0-0:0'}"
107154,FMDe0D6IYvOI7d-Bi9Tvvg,SureStay Plus Hotel By Best Western Brandywine Valley,1807 Concord Pike,Wilmington,CA,19803,39.7869869681,-75.5448376,2.5,31,1,"{'BusinessAcceptsCreditCards': 'True', 'WiFi': ""u'free'"", 'RestaurantsPriceRange2': '2'}","Event Planning & Services, Hotels, Hotels & Travel","{'Monday': '0:0-0:0', 'Tuesday': '0:0-0:0', 'Wednesday': '0:0-0:0', 'Thursday': '0:0-0:0', 'Friday': '0:0-0:0', 'Saturday': '0:0-0:0', 'Sunday': '0:0-0:0'}"
107797,woutLoZlabf_dwSrY70ksA,U-Save Car & Truck Rental,758 N Easton Rd,Glenside,CA,19038,40.1141946,-75.1406259,3.5,5,1,{'BusinessAcceptsCreditCards': 'True'},"Car Rental, Hotels & Travel, Truck Rental, Automotive",
108187,wwhfuFiuDxUDYuJYVOpz-Q,Americas Best Value Inn St. Louis South,6602 South Lindbergh Boulevard,St. Louis,CA,63123,38.5101657832,-90.3378242254,2.0,15,1,"{'RestaurantsPriceRange2': '2', 'WiFi': ""u'free'"", 'BusinessAcceptsCreditCards': 'True', 'WheelchairAccessible': 'True'}","Hotels, Event Planning & Services, Hotels & Travel","{'Monday': '0:0-0:0', 'Tuesday': '0:0-0:0', 'Wednesday': '0:0-0:0', 'Thursday': '0:0-0:0', 'Friday': '0:0-0:0', 'Saturday': '0:0-0:0', 'Sunday': '0:0-0:0'}"
108219,IpA_AqlvRfWL9IH-WRSLcw,Los Prietos Campground,5050 Paradise Rd,Santa Barbara,CA,93105,34.5399483,-119.8489789,3.0,48,1,,"Campgrounds, Hotels & Travel",
108509,wPuoQJPbrEQyBt9K73JiQQ,Hillsborough Area Regional Transit,1201 E 7th Ave,Tampa,CA,33605,27.9701763931,-82.4098824255,2.5,13,1,,"Hotels & Travel, Public Transportation, Transportation","{'Monday': '6:0-20:0', 'Tuesday': '6:0-20:0', 'Wednesday': '6:0-20:0', 'Thursday': '6:0-20:0', 'Friday': '6:0-20:0', 'Saturday': '8:0-17:0', 'Sunday': '8:0-17:0'}"
108905,5RE9RlThDCY_SoGSJZRE2w,Thrifty Car Rental,600 Rental Blvd,NEW ORLEANS AP,CA,70062,29.9854365484,-90.2570553331,1.5,54,1,,"Hotels & Travel, Car Rental","{'Monday': '4:0-0:0', 'Tuesday': '4:0-0:0', 'Wednesday': '4:0-0:0', 'Thursday': '4:0-0:0', 'Friday': '4:0-0:0', 'Saturday': '4:0-0:0', 'Sunday': '4:0-0:0'}"
108994,IYmnc4LXB6QZrVuGmETM2w,Nashville North KOA,1200 Louisville Hwy,Goodlettsville,CA,37072,36.3729656,-86.7094986,4.0,15,1,"{'WiFi': ""u'free'""}","RV Parks, Local Services, Campgrounds, Active Life, Propane, Venues & Event Spaces, Hotels & Travel, Hiking, Event Planning & Services","{'Monday': '0:0-0:0', 'Tuesday': '0:0-0:0', 'Wednesday': '0:0-0:0', 'Thursday': '0:0-0:0', 'Friday': '0:0-0:0', 'Saturday': '0:0-0:0', 'Sunday': '0:0-0:0'}"
109061,qafbfRCEynr5k8vRfWuLyQ,E-Z Rent A Car,5012 W Laurel St,Tampa,CA,33607,27.9555807,-82.5291874,2.0,105,1,,"Automotive, Car Rental, Hotels & Travel","{'Monday': '0:0-0:0', 'Tuesday': '0:0-0:0', 'Wednesday': '0:0-0:0', 'Thursday': '0:0-0:0', 'Friday': '0:0-0:0', 'Saturday': '0:0-0:0', 'Sunday': '0:0-0:0'}"
109237,4E8Ns9fGoetEhaqlNkcq9A,Treasure Island Boat Rentals,11025 Gulf Blvd,Treasure Island,CA,33706,27.7710891,-82.7708552,3.5,35,1,"{'ByAppointmentOnly': 'False', 'WiFi': ""u'no'"", 'GoodForKids': 'True', 'BikeParking': 'True', 'WheelchairAccessible': 'True', 'BusinessParking': ""{'garage': False, 'street': False, 'validated': False, 'lot': False, 'valet': False}"", 'RestaurantsPriceRange2': '3', 'BusinessAcceptsCreditCards': 'True'}","Hotels & Travel, Tours, Boat Tours, Boating, Active Life","{'Monday': '9:0-17:0', 'Tuesday': '9:0-17:0', 'Wednesday': '9:0-17:0', 'Thursday': '9:0-17:0', 'Friday': '9:0-17:0', 'Saturday': '9:0-17:0', 'Sunday': '9:0-17:0'}"
109633,PXmjnpt34IsHQQiC5diLTQ,Marriott St. Louis West,660 Maryville Centre Drive,St. Louis,CA,63141,38.642584387,-90.4980969429,3.0,74,1,"{'BusinessAcceptsCreditCards': 'True', 'RestaurantsPriceRange2': '2', 'WiFi': ""'free'"", 'DogsAllowed': 'False', 'BusinessAcceptsBitcoin': 'False', 'WheelchairAccessible': 'True'}","Event Planning & Services, Hotels, Venues & Event Spaces, Hotels & Travel","{'Monday': '0:0-0:0', 'Tuesday': '0:0-0:0', 'Wednesday': '0:0-0:0', 'Thursday': '0:0-0:0', 'Friday': '0:0-0:0', 'Saturday': '0:0-0:0', 'Sunday': '0:0-0:0'}"
109712,bk5ZKusfuzlar9z9JbHlIA,Fairfield Inn & Suites by Marriott Indianapolis Downtown,501 W Washington Street,Indianapolis,CA,46204,39.766799,-86.1682613,3.5,47,1,"{'BusinessAcceptsCreditCards': 'True', 'WiFi': ""u'free'"", 'RestaurantsPriceRange2': '2', 'DogsAllowed': 'False', 'BusinessAcceptsBitcoin': 'False'}","Hotels & Travel, Hotels, Event Planning & Services","{'Monday': '0:0-0:0', 'Tuesday': '0:0-0:0', 'Wednesday': '0:0-0:0', 'Thursday': '0:0-0:0', 'Friday': '0:0-0:0', 'Saturday': '0:0-0:0', 'Sunday': '0:0-0:0'}"
110467,vOzoWhLhsGyyR8DSvU3nNA,Parker-Spruce Hotel,261 S 13th St,Philadelphia,CA,19107,39.9469753,-75.1624159,2.0,5,0,"{'RestaurantsPriceRange2': '1', 'WiFi': ""u'no'"", 'BusinessAcceptsCreditCards': 'True'}","Hotels & Travel, Event Planning & Services, Hotels",
111922,-jXAkQIdZWq6i1Wwv8z1UQ,Rose Garden Inn,3643 State St,Santa Barbara,CA,93105,34.4400491,-119.7419479,1.5,89,1,"{'RestaurantsPriceRange2': '3', 'WiFi': ""'free'"", 'BusinessAcceptsCreditCards': 'True'}","Hotels, Event Planning & Services, Hotels & Travel","{'Monday': '0:0-0:0', 'Tuesday': '0:0-0:0', 'Wednesday': '0:0-0:0', 'Thursday': '0:0-0:0', 'Friday': '0:0-0:0', 'Saturday': '0:0-0:0', 'Sunday': '0:0-0:0'}"
112102,0BDdMJs-XYEbtrp4qm4JdQ,Stay Alfred at 505,505 Church Street,Nashville,CA,37219,36.162785,-86.7804,2.0,37,0,"{'WiFi': ""u'free'""}","Vacation Rentals, Hotels & Travel","{'Monday': '0:0-0:0', 'Tuesday': '0:0-0:0', 'Wednesday': '0:0-0:0', 'Thursday': '0:0-0:0', 'Friday': '0:0-0:0', 'Saturday': '0:0-0:0', 'Sunday': '0:0-0:0'}"
113079,hXENwSCtd8pdBrnN8XkXyA,Renaissance St. Louis Airport Hotel,9801 Natural Bridge Rd,St. Louis,CA,63134,38.73212,-90.346234,3.0,163,1,"{'BusinessAcceptsCreditCards': 'True', 'WiFi': ""u'paid'"", 'RestaurantsPriceRange2': '2', 'BusinessAcceptsBitcoin': 'False', 'WheelchairAccessible': 'True', 'DogsAllowed': 'False'}","Hotels, Hotels & Travel, Event Planning & Services, Venues & Event Spaces","{'Monday': '0:0-0:0', 'Tuesday': '0:0-0:0', 'Wednesday': '0:0-0:0', 'Thursday': '0:0-0:0', 'Friday': '0:0-0:0', 'Saturday': '0:0-0:0', 'Sunday': '0:0-0:0'}"
114255,8GGpmSmCey7K6JP5eXJScg,Holiday Inn Express Tucson-Airport,2548 E Medina Rd,Tucson,CA,85756,32.1301141,-110.9332001,3.0,23,1,"{'BusinessAcceptsCreditCards': 'True', 'RestaurantsPriceRange2': '2', 'WiFi': ""'free'"", 'DogsAllowed': 'True'}","Hotels & Travel, Event Planning & Services, Venues & Event Spaces, Hotels","{'Monday': '0:0-0:0', 'Tuesday': '0:0-0:0', 'Wednesday': '0:0-0:0', 'Thursday': '0:0-0:0', 'Friday': '0:0-0:0', 'Saturday': '0:0-0:0', 'Sunday': '0:0-0:0'}"
114304,J6u-FuzWTNL4CHmGakeWwA,Luxe Limousines,7233 General Haig St,New Orleans,CA,70124,30.0198753,-90.0994126,4.0,11,1,"{'BusinessAcceptsCreditCards': 'True', 'WiFi': ""u'no'"", 'BusinessAcceptsBitcoin': 'False'}","Hotels & Travel, Event Planning & Services, Airport Shuttles, Transportation, Limos, Travel Services, Party Bus Rentals","{'Monday': '8:0-21:0', 'Tuesday': '8:0-21:0', 'Wednesday': '8:0-21:0', 'Thursday': '8:0-21:0', 'Friday': '8:0-21:0', 'Saturday': '9:0-19:0', 'Sunday': '9:0-18:0'}"
114731,P-PBH28Ck3jaUY660VTuAw,Expresspark North Lot,1070 Tinicum Island Rd,Philadelphia,CA,19113,39.86492399,-75.27243441,4.0,88,0,"{'BusinessAcceptsCreditCards': 'True', 'WiFi': ""u'no'""}","Parking, Automotive, Airport Shuttles, Hotels & Travel, Transportation","{'Monday': '0:0-0:0', 'Tuesday': '0:0-0:0', 'Wednesday': '0:0-0:0', 'Thursday': '0:0-0:0', 'Friday': '0:0-0:0', 'Saturday': '0:0-0:0', 'Sunday': '0:0-0:0'}"
115759,hl0cZiAS3aEQGT4fzcISnA,Quality Inn,65 Geoffrey Drive,Newark,CA,19713,39.6864715769,-75.6522936356,2.0,35,1,"{'BusinessAcceptsCreditCards': 'True', 'WiFi': ""u'free'"", 'RestaurantsPriceRange2': '2'}","Hotels & Travel, Hotels, Event Planning & Services","{'Monday': '0:0-0:0', 'Tuesday': '0:0-0:0', 'Wednesday': '0:0-0:0', 'Thursday': '0:0-0:0', 'Friday': '0:0-0:0', 'Saturday': '0:0-0:0', 'Sunday': '0:0-0:0'}"
116506,wynKaoaiSAxf9zO8dJOVbw,Courtyard by Marriott Nashville Goodlettsville,865 Conference Drive,Goodlettsville,CA,37072,36.3199177793,-86.7003421177,4.0,37,1,"{'BusinessAcceptsCreditCards': 'True', 'RestaurantsPriceRange2': '2', 'DogsAllowed': 'False', 'WiFi': ""u'free'"", 'BusinessAcceptsBitcoin': 'False', 'WheelchairAccessible': 'True'}","Event Planning & Services, Hotels, Venues & Event Spaces, Hotels & Travel","{'Monday': '0:0-0:0', 'Tuesday': '0:0-0:0', 'Wednesday': '0:0-0:0', 'Thursday': '0:0-0:0', 'Friday': '0:0-0:0', 'Saturday': '0:0-0:0', 'Sunday': '0:0-0:0'}"
116654,M3G7USDHXk--ZycO1Zjs1w,Bob Evans,102 Commercial Center Dr,Ruskin,CA,33573,27.7113102,-82.3773791595,3.0,75,1,"{'RestaurantsPriceRange2': '2', 'NoiseLevel': ""'average'"", 'Ambience': ""{'romantic': False, 'intimate': False, 'classy': False, 'hipster': False, 'divey': False, 'touristy': False, 'trendy': False, 'upscale': False, 'casual': True}"", 'WiFi': ""'free'"", 'OutdoorSeating': 'False', 'RestaurantsTakeOut': 'True', 'GoodForKids': 'True', 'Caters': 'False', 'RestaurantsAttire': ""u'casual'"", 'DogsAllowed': 'False', 'RestaurantsTableService': 'True', 'BikeParking': 'True', 'RestaurantsGoodForGroups': 'True', 'HasTV': 'True', 'GoodForMeal': ""{'dessert': None, 'latenight': False, 'lunch': True, 'dinner': None, 'brunch': True, 'breakfast': True}"", 'RestaurantsReservations': 'False', 'RestaurantsDelivery': 'True', 'Alcohol': ""u'none'"", 'BusinessAcceptsCreditCards': 'True', 'BusinessParking': ""{u'valet': False, u'garage': False, u'street': None, u'lot': True, u'validated': False}""}","Hotels & Travel, Restaurants, Comfort Food, Salad, Bed & Breakfast, Breakfast & Brunch, American (Traditional), Sandwiches","{'Monday': '0:0-0:0', 'Tuesday': '7:0-20:30', 'Wednesday': '7:0-20:30', 'Thursday': '8:0-19:0', 'Friday': '8:0-19:0', 'Saturday': '7:0-20:30', 'Sunday': '7:0-20:30'}"
117593,At_yVf3WdsIVclwgNDCO1g,Rainbow Limousine,539 S Bolmar St,West Chester,CA,19382,39.9582741,-75.5898675,2.5,8,1,,"Transportation, Limos, Hotels & Travel, Airport Shuttles, Taxis","{'Monday': '9:0-18:0', 'Tuesday': '9:0-18:0', 'Wednesday': '9:0-18:0', 'Thursday': '9:0-18:0', 'Friday': '9:0-18:0', 'Saturday': '9:0-18:0', 'Sunday': '9:0-18:0'}"
118717,uiZYkZbLxI4PwwySBO4Fnw,Enterprise Rent-A-Car,540 W Street Rd,Warminster,CA,18974,40.2042145128,-75.096089825,3.5,15,1,,"Hotels & Travel, Car Rental","{'Monday': '0:0-0:0', 'Tuesday': '7:30-17:30', 'Wednesday': '7:30-17:30', 'Thursday': '7:30-16:0', 'Friday': '7:30-17:30', 'Saturday': '9:0-12:0'}"
119005,ZLjUCF2UaML7S5pSmn5BKg,Canopy by Hilton Philadelphia Center City,1180 Ludlow St,Philadelphia,CA,19107,39.9509385644,-75.1599574301,4.5,35,1,"{'WiFi': ""u'free'"", 'BusinessAcceptsCreditCards': 'True', 'BusinessAcceptsBitcoin': 'False', 'DogsAllowed': 'True', 'WheelchairAccessible': 'True'}","American (New), Hotels & Travel, Restaurants, Event Planning & Services, Venues & Event Spaces, Hotels","{'Monday': '0:0-0:0', 'Tuesday': '0:0-0:0', 'Wednesday': '0:0-0:0', 'Thursday': '0:0-0:0', 'Friday': '0:0-0:0', 'Saturday': '0:0-0:0', 'Sunday': '0:0-0:0'}"
120324,ZKat6muoCG6GuDjdPEYnsw,Airside A - TPA,4100 George J Bean Pkwy,Tampa,CA,33607,27.976195,-82.532198,4.0,9,1,"{'RestaurantsPriceRange2': '2', 'RestaurantsTakeOut': 'True', 'RestaurantsDelivery': 'False', 'WiFi': ""'free'"", 'GoodForMeal': ""{'dessert': False, 'latenight': False, 'lunch': False, 'dinner': False, 'brunch': False, 'breakfast': False}"", 'RestaurantsAttire': ""'casual'"", 'GoodForKids': 'False', 'RestaurantsReservations': 'True', 'RestaurantsGoodForGroups': 'True', 'BusinessAcceptsCreditCards': 'True'}","Airport Terminals, Hotels & Travel, Restaurants, Airports",
121119,Oie4PpmACqZsJaEXBMWbGw,Holiday Inn Express Hotel & Suites Goodlettsville,120 Cartwright Street,Goodlettsville,CA,37072,36.3253184,-86.7071378,3.5,8,0,"{'RestaurantsPriceRange2': '2', 'WiFi': ""u'free'"", 'BusinessAcceptsCreditCards': 'True'}","Women's Clothing, Fashion, Venues & Event Spaces, Hotels, Shopping, Hotels & Travel, Event Planning & Services",
121918,qzUI3vf5ni-y7hcHxchs-w,Enterprise Rent-A-Car,1198 S Kolb Rd,Tucson,CA,85710,32.2072092237,-110.8414882421,4.0,17,1,,"Hotels & Travel, Car Rental","{'Monday': '0:0-0:0', 'Tuesday': '7:30-17:30', 'Wednesday': '7:30-17:30', 'Thursday': '7:30-17:30', 'Friday': '7:30-17:30', 'Saturday': '9:0-12:0'}"
122130,b7UPlhqUiliUy9vITKHGvQ,The Wayfarer,12 E Montecito St,Santa Barbara,CA,93101,34.4150289,-119.69232,4.0,141,0,"{'RestaurantsPriceRange2': '2', 'WiFi': ""u'free'"", 'DogsAllowed': 'False', 'BusinessAcceptsCreditCards': 'True', 'BusinessAcceptsBitcoin': 'False', 'WheelchairAccessible': 'True'}","Venues & Event Spaces, Hotels & Travel, Event Planning & Services, Hostels, Hotels","{'Monday': '0:0-0:0', 'Tuesday': '0:0-0:0', 'Wednesday': '0:0-0:0', 'Thursday': '0:0-0:0', 'Friday': '0:0-0:0', 'Saturday': '0:0-0:0', 'Sunday': '0:0-0:0'}"
123072,Iu7QerAvVSGN3Y1CcCm64g,AAA Willow Grove Car Care Insurance Travel Center,2506 W Moreland Rd,Willow Grove,CA,19090,40.1429609,-75.1206812,2.5,34,1,{'BusinessAcceptsCreditCards': 'True'},"Gas Stations, Automotive, Hotels & Travel, Insurance, Car Wash, Travel Services, Financial Services, Auto Repair, Auto Loan Providers, Registration Services","{'Monday': '7:30-18:0', 'Tuesday': '7:30-18:0', 'Wednesday': '7:30-18:0', 'Thursday': '7:30-15:0', 'Friday': '7:30-15:0', 'Saturday': '8:0-17:0', 'Sunday': '10:0-16:0'}"
123248,qUHOwXHHY1zj44t9Ap00Uw,Sars Transport,"3225 E 48th St, Ste B",Tucson,CA,85713,32.1794735,-110.9232975,2.0,5,1,,"Transportation, Automotive, Hotels & Travel","{'Monday': '8:0-16:30', 'Tuesday': '8:0-16:30', 'Wednesday': '8:0-16:30', 'Thursday': '8:0-16:30', 'Friday': '8:0-16:30'}"
123658,GN-WDmkkun7ItJxhuSsXDQ,Red Lion Inn & Suites Boise Airport,4111 S Broadway Ave,Boise,CA,83705,43.5663278145,-116.1992121448,2.5,32,1,"{'WiFi': ""'free'"", 'BusinessAcceptsCreditCards': 'True', 'RestaurantsPriceRange2': '2'}","Hotels, Event Planning & Services, Hotels & Travel","{'Monday': '0:0-0:0', 'Tuesday': '0:0-0:0', 'Wednesday': '0:0-0:0', 'Thursday': '0:0-0:0', 'Friday': '0:0-0:0', 'Saturday': '0:0-0:0', 'Sunday': '0:0-0:0'}"
123913,rZ2Uygsn6vmnUIAaN_DIzQ,The Grill Room,300 Gravier St,New Orleans,CA,70130,29.949437,-90.06636,4.0,96,1,"{'WiFi': ""u'free'"", 'RestaurantsDelivery': 'False', 'GoodForKids': 'False', 'HasTV': 'False', 'OutdoorSeating': 'False', 'RestaurantsReservations': 'True', 'RestaurantsTakeOut': 'False', 'BusinessParking': ""{'garage': False, 'street': False, 'validated': True, 'lot': False, 'valet': True}"", 'BusinessAcceptsCreditCards': 'True', 'Alcohol': ""u'full_bar'"", 'Ambience': ""{'romantic': False, 'intimate': False, 'classy': True, 'hipster': False, 'divey': False, 'touristy': False, 'trendy': False, 'upscale': False, 'casual': False}"", 'NoiseLevel': ""u'quiet'"", 'BikeParking': 'True', 'Caters': 'False', 'RestaurantsAttire': ""u'dressy'"", 'RestaurantsGoodForGroups': 'True', 'WheelchairAccessible': 'True', 'RestaurantsPriceRange2': '3', 'RestaurantsTableService': 'True', 'BusinessAcceptsBitcoin': 'False', 'DogsAllowed': 'False', 'HappyHour': 'False', 'GoodForMeal': ""{'dessert': False, 'latenight': False, 'lunch': True, 'dinner': False, 'brunch': True, 'breakfast': True}"", 'DriveThru': 'False'}","Nightlife, Event Planning & Services, Jazz & Blues, Hotels & Travel, Arts & Entertainment, American (New), Hotels, Restaurants, Breakfast & Brunch","{'Monday': '11:30-14:0', 'Tuesday': '11:30-14:0', 'Wednesday': '17:0-22:0', 'Thursday': '17:0-22:0', 'Friday': '17:0-22:0', 'Saturday': '17:0-22:0', 'Sunday': '17:0-22:0'}"
124530,FRKwXrjKu5qveu-_-DlxBw,St. Louis Paranormal Research Society,1820 Cherokee St,St. Louis,CA,63118,38.592119,-90.218384,5.0,14,1,"{'Smoking': ""'outdoor'"", 'WiFi': ""'no'""}","Historical Tours, Professional Services, Tours, Hotels & Travel, Restaurants","{'Tuesday': '8:0-22:0', 'Thursday': '8:0-22:0'}"
125210,1vWSA0ARjLoCI585ml4owg,Extended Stay America - St. Louis - Westport - East Lackland Rd,11827 Lackland Rd,Maryland Heights,CA,63146,38.6992792,-90.4354368,1.5,17,1,"{'WiFi': ""'free'"", 'BusinessAcceptsCreditCards': 'True', 'RestaurantsPriceRange2': '1'}","Hotels & Travel, Event Planning & Services, Hotels","{'Monday': '0:0-0:0', 'Tuesday': '0:0-0:0', 'Wednesday': '0:0-0:0', 'Thursday': '0:0-0:0', 'Friday': '0:0-0:0', 'Saturday': '0:0-0:0', 'Sunday': '0:0-0:0'}"
127089,7sgXMHbn10ddGsww84GGEg,Magic Carpet Glide Segway Tours,615 Channelside Dr,Tampa,CA,33602,27.933754016800002,-82.4510192871,4.5,36,1,,"Tours, Local Flavor, Hotels & Travel","{'Monday': '9:0-21:0', 'Tuesday': '9:0-21:0', 'Wednesday': '9:0-21:0', 'Thursday': '9:0-21:0', 'Friday': '9:0-21:0', 'Saturday': '9:0-21:0', 'Sunday': '9:0-21:0'}"
127356,oVr68YLI0PMSkEc_SHMkFA,"The Ritz-Carlton, St. Louis",100 Carondelet Plz,St. Louis,CA,63105,38.6482356598,-90.3309796751,4.0,157,1,"{'RestaurantsPriceRange2': '3', 'BusinessAcceptsCreditCards': 'True', 'WheelchairAccessible': 'True', 'WiFi': ""u'free'"", 'BusinessAcceptsBitcoin': 'False', 'DogsAllowed': 'True'}","Hotels, Event Planning & Services, Hotels & Travel, Party & Event Planning, Venues & Event Spaces","{'Monday': '0:0-0:0', 'Tuesday': '0:0-0:0', 'Wednesday': '0:0-0:0', 'Thursday': '0:0-0:0', 'Friday': '0:0-0:0', 'Saturday': '0:0-0:0', 'Sunday': '0:0-0:0'}"
127632,O5Qm_-zDQko0UVXH5Noejg,Allied Cab Company,2819 Lebanon Pike,Nashville,CA,37214,36.1669753,-86.6617964,1.5,39,1,,"Hotels & Travel, Taxis, Transportation",
128324,yyCPpug9sPBX6pSBbJk8tQ,Intown Suites,887 E Main St,Greenwood,CA,46143,39.6136437,-86.0851573,2.5,5,1,"{'WiFi': ""u'no'"", 'BusinessAcceptsCreditCards': 'True', 'RestaurantsPriceRange2': '1'}","Real Estate, Hotels & Travel, Event Planning & Services, Hotels, Home Services, Apartments","{'Monday': '11:0-19:0', 'Tuesday': '11:0-19:0', 'Wednesday': '11:0-19:0', 'Thursday': '11:0-19:0', 'Friday': '11:0-19:0', 'Saturday': '11:0-19:0'}"
128404,6RmCKos_1EmLtg4oQXR9hw,Residence Inn by Marriott Clearwater Downtown,940 Court St,Clearwater,CA,33756,27.961903,-82.793391,4.5,50,1,"{'RestaurantsPriceRange2': '2', 'WiFi': ""u'free'"", 'BusinessAcceptsCreditCards': 'True'}","Hotels, Hotels & Travel, Event Planning & Services","{'Monday': '0:0-0:0', 'Tuesday': '0:0-0:0', 'Wednesday': '0:0-0:0', 'Thursday': '0:0-0:0', 'Friday': '0:0-0:0', 'Saturday': '0:0-0:0', 'Sunday': '0:0-0:0'}"
129629,nhIffYn3kMRlHeClz0az1g,Santa Barbara Amtrak Station,209 State St,Santa Barbara,CA,93101,34.413643053,-119.6928286747,3.0,105,1,,"Trains, Public Transportation, Transportation, Hotels & Travel",
129922,HckUIWGvrLWRmuX7iEZWUQ,Whispers Boutique Resort - Beach Vacation Condominiums,279 104th Ave,Treasure Island,CA,33706,27.769947,-82.765478,1.5,6,1,"{'WiFi': ""u'free'"", 'BusinessAcceptsCreditCards': 'True'}","Hotels & Travel, Vacation Rentals","{'Monday': '9:0-21:0', 'Tuesday': '9:0-21:0', 'Wednesday': '9:0-21:0', 'Thursday': '9:0-21:0', 'Friday': '9:0-21:0', 'Saturday': '9:0-21:0', 'Sunday': '9:0-21:0'}"
130968,jBLv9EVy9mAxbYfxIUq-0g,The Pontchartrain Hotel,2031 St Charles Ave,New Orleans,CA,70130,29.934992,-90.0796649006,4.0,105,1,"{'WiFi': ""u'free'"", 'RestaurantsPriceRange2': '2', 'BusinessAcceptsCreditCards': 'True'}","Event Planning & Services, Hotels & Travel, Hotels","{'Monday': '0:0-0:0', 'Tuesday': '0:0-0:0', 'Wednesday': '0:0-0:0', 'Thursday': '0:0-0:0', 'Friday': '0:0-0:0', 'Saturday': '0:0-0:0', 'Sunday': '0:0-0:0'}"
131209,n_cNBfPQWuN14bbYEKvVpw,Germantown Cab,1435 W Main St,Norristown,CA,19401,40.1241218,-75.3634797,1.0,5,1,,"Taxis, Hotels & Travel, Transportation",
131431,gCmyE-atK7PLFsRDWa-iOA,Doctor Gumbo Tours,823 Decatur St,New Orleans,CA,70116,29.9581281,-90.0617492,5.0,115,1,"{'BusinessAcceptsCreditCards': 'True', 'HasTV': 'True', 'WheelchairAccessible': 'True', 'RestaurantsGoodForGroups': 'True', 'ByAppointmentOnly': 'False', 'RestaurantsPriceRange2': '2', 'Music': ""{'dj': False, 'background_music': False, 'no_music': False, 'jukebox': False, 'live': False, 'video': False, 'karaoke': False}"", 'Ambience': ""{'touristy': False, 'hipster': False, 'romantic': False, 'divey': False, 'intimate': False, 'trendy': False, 'upscale': False, 'classy': False, 'casual': False}"", 'OutdoorSeating': 'True', 'WiFi': ""u'no'""}","Nightlife, Tours, Food Tours, Walking Tours, Historical Tours, Bar Crawl, Hotels & Travel","{'Monday': '8:0-20:0', 'Tuesday': '8:0-20:0', 'Wednesday': '8:0-20:0', 'Thursday': '8:0-20:0', 'Friday': '8:0-20:0', 'Saturday': '8:0-20:0', 'Sunday': '8:0-20:0'}"
132110,1KLs3yA1gIq0Jek-iyPXlA,Comfort Suites St Charles-St Louis,1400 S Fifth St,Saint Charles,CA,63301,38.769138,-90.491588,2.5,22,1,"{'RestaurantsPriceRange2': '2', 'BusinessAcceptsCreditCards': 'True', 'WiFi': ""u'free'""}","Hotels & Travel, Event Planning & Services, Hotels","{'Monday': '0:0-0:0', 'Tuesday': '0:0-0:0', 'Wednesday': '0:0-0:0', 'Thursday': '0:0-0:0', 'Friday': '0:0-0:0', 'Saturday': '0:0-0:0', 'Sunday': '0:0-0:0'}"
132225,2FOo0-3MChznTIo79vW8zg,Courtyard Marriott,4650 Southport Crossing Dr,Indianapolis,CA,46237,39.6639246,-86.0901044,2.5,16,1,"{'RestaurantsPriceRange2': '3', 'BusinessAcceptsCreditCards': 'True', 'WiFi': ""u'free'""}","Hotels, Hotels & Travel, Event Planning & Services",
134852,plDPl5Y3B0eaDDtk3-wG4w,The Tropical Travelers,26 Wood Ln,Malvern,CA,19355,40.0481807,-75.5311046,5.0,5,1,,"Travel Services, Hotels & Travel","{'Monday': '9:0-17:0', 'Tuesday': '9:0-17:0', 'Wednesday': '9:0-17:0', 'Thursday': '9:0-17:0', 'Friday': '9:0-17:0', 'Saturday': '9:0-17:0', 'Sunday': '9:0-17:0'}"
135355,RZ1gi_Xa93bbx1y1tWIxMQ,Courtyard Marriott,5525 Fortune Cir W,Indianapolis,CA,46241,39.7249737,-86.2610914,2.0,7,1,"{'RestaurantsPriceRange2': '1', 'WiFi': ""'free'"", 'BusinessAcceptsCreditCards': 'True'}","Hotels, Hotels & Travel, Event Planning & Services",
136225,J7JyW-AWq-rCmJcqCu1WCQ,Ghost City Tours Nashville,,Nashville,CA,37219,36.1664702,-86.7837366,4.0,14,1,,"Historical Tours, Hotels & Travel, Walking Tours, Beer Tours, Tours",
139830,-ns9xUr8x2_MPONXobT7zg,St. Philip French Quarter Apts,612 Rue St Philip,New Orleans,CA,70116,29.959915,-90.062077,4.5,34,1,{'BusinessAcceptsCreditCards': 'True'},"Vacation Rentals, Hotels & Travel, Apartments, Real Estate, Guest Houses, Home Services","{'Monday': '0:0-0:0', 'Tuesday': '0:0-0:0', 'Wednesday': '0:0-0:0', 'Thursday': '0:0-0:0', 'Friday': '0:0-0:0', 'Saturday': '0:0-0:0', 'Sunday': '0:0-0:0'}"
142147,8XtpIfn6bjrzKQraKuZHEQ,Renaissance Philadelphia Downtown Hotel,401 Chestnut St,Philadelphia,CA,19106,39.9490202,-75.1478095,3.0,46,1,"{'BusinessAcceptsBitcoin': 'False', 'RestaurantsPriceRange2': '3', 'BusinessAcceptsCreditCards': 'True', 'WiFi': ""u'free'"", 'WheelchairAccessible': 'True', 'DogsAllowed': 'True'}","Hotels, Hotels & Travel, Event Planning & Services, Venues & Event Spaces","{'Monday': '0:0-0:0', 'Tuesday': '0:0-0:0', 'Wednesday': '0:0-0:0', 'Thursday': '0:0-0:0', 'Friday': '0:0-0:0', 'Saturday': '0:0-0:0', 'Sunday': '0:0-0:0'}"
143158,fIJ2Pp1AoopI7OSQ-3Tuzg,Eat.Sip.Indulge,400 Beach Dr,St. Petersburg,CA,33701,27.7709244,-82.6333431,4.0,8,0,"{'RestaurantsPriceRange2': '2', 'GoodForKids': 'False', 'RestaurantsTakeOut': 'False', 'BusinessAcceptsCreditCards': 'True', 'BusinessParking': 'None', 'BikeParking': 'True', 'RestaurantsReservations': 'True', 'Alcohol': ""u'none'"", 'OutdoorSeating': 'True', 'RestaurantsAttire': ""u'casual'"", 'RestaurantsGoodForGroups': 'True'}","American (New), Food, Tours, Hotels & Travel, Local Flavor, Restaurants, Specialty Food","{'Tuesday': '19:0-21:30', 'Thursday': '11:0-21:30', 'Friday': '11:0-21:30', 'Saturday': '11:0-18:30'}"
143302,2o4GOsWEmcdwjgqnEw0w9A,Mount Lemmon,10300 Ski Run Rd,Tucson,CA,85619,32.44752,-110.78166,4.5,86,1,"{'HasTV': 'False', 'NoiseLevel': ""u'average'"", 'RestaurantsAttire': ""'casual'"", 'RestaurantsDelivery': 'False', 'BusinessAcceptsCreditCards': 'True', 'RestaurantsGoodForGroups': 'True', 'Caters': 'False', 'RestaurantsReservations': 'False', 'OutdoorSeating': 'True', 'RestaurantsTakeOut': 'True', 'BusinessParking': ""{'garage': False, 'street': False, 'validated': False, 'lot': True, 'valet': False}"", 'RestaurantsPriceRange2': '2', 'GoodForKids': 'True', 'Alcohol': ""u'none'"", 'WiFi': ""u'no'"", 'BikeParking': 'True'}","Hotels & Travel, Ski Resorts, Parks, Active Life, Hiking",
143724,5hibBmr_GSPD0WM7avG-DA,Cheshire Lodge,6300 Clayton Rd,Saint Louis,CA,63117,38.6332872,-90.3063993,4.0,9,0,"{'OutdoorSeating': 'False', 'RestaurantsReservations': 'False', 'RestaurantsPriceRange2': '1'}","Hotels, Restaurants, Nightlife, Event Planning & Services, Hotels & Travel",
144255,SQGjAZF6fQ3GTq4A6W3LBA,Comfort Suites New Orleans East,7051 Bullard Ave,New Orleans,CA,70128,30.048769,-89.962607,4.0,14,1,"{'RestaurantsPriceRange2': '2', 'WiFi': ""'free'"", 'BusinessAcceptsCreditCards': 'True'}","Hotels & Travel, Hotels, Event Planning & Services","{'Monday': '0:0-0:0', 'Tuesday': '0:0-0:0', 'Wednesday': '0:0-0:0', 'Thursday': '0:0-0:0', 'Friday': '0:0-0:0', 'Saturday': '0:0-0:0', 'Sunday': '0:0-0:0'}"
144417,YAZLV0zhw0tfg2Cjm8ybqw,AAA Warminster Car Care Insurance Travel Center,602 York Rd,Warminster,CA,18974,40.2080750292,-75.1013286803,2.0,10,1,{'BusinessAcceptsCreditCards': 'True'},"Insurance, Financial Services, Hotels & Travel, Auto Repair, Travel Services, Automotive","{'Monday': '7:30-18:0', 'Tuesday': '7:30-18:0', 'Wednesday': '7:30-18:0', 'Thursday': '7:30-15:0', 'Friday': '7:30-15:0', 'Saturday': '8:0-17:0'}"
144592,yICkcFt6NJGHqTXs24esKg,Grand Plaza Hotel,5250 Gulf Blvd,St. Pete Beach,CA,33706,27.7259530245,-82.7429962031,3.0,144,0,"{'RestaurantsPriceRange2': '2', 'WiFi': ""u'free'"", 'BusinessAcceptsCreditCards': 'True'}","Hotels & Travel, Hotels, Event Planning & Services",
145649,-b9qWgjFgcFt6CE9LXuByw,Reno Regency Apartments,590 Lake St,Reno,CA,89501,39.532477,-119.811863,4.0,10,1,"{'BusinessAcceptsCreditCards': 'False', 'ByAppointmentOnly': 'False', 'BusinessAcceptsBitcoin': 'False'}","Real Estate, Apartments, Event Planning & Services, Hotels, Hotels & Travel, Home Services","{'Monday': '8:0-18:0', 'Tuesday': '8:0-18:0', 'Wednesday': '8:0-18:0', 'Thursday': '8:0-18:0', 'Friday': '8:0-18:0', 'Saturday': '10:0-16:0', 'Sunday': '10:0-16:0'}"
146312,0FMOvA2Noq-gieWfnXB7aQ,Live! Casino & Hotel Philadelphia,900 Packer Ave,Philadelphia,CA,19148,39.9091912,-75.1646617,2.5,26,1,,"Event Planning & Services, Arts & Entertainment, Hotels & Travel, Casinos, Hotels","{'Monday': '0:0-0:0', 'Tuesday': '0:0-0:0', 'Wednesday': '0:0-0:0', 'Thursday': '0:0-0:0', 'Friday': '0:0-0:0', 'Saturday': '0:0-0:0', 'Sunday': '0:0-0:0'}"
146402,j2PtdsRf9m9SGdwFfGfssw,Boise Hotel and Conference Center,3300 S Vista Ave,Boise,CA,83705,43.5727764,-116.2141257,2.0,40,1,"{'RestaurantsPriceRange2': '1', 'BusinessAcceptsCreditCards': 'True', 'WiFi': ""u'free'""}","Hotels, Event Planning & Services, Hotels & Travel","{'Monday': '0:0-0:0', 'Tuesday': '0:0-0:0', 'Wednesday': '0:0-0:0', 'Thursday': '0:0-0:0', 'Friday': '0:0-0:0', 'Saturday': '0:0-0:0', 'Sunday': '0:0-0:0'}"
146526,-jlQofD5Qu3F4gpNHLsrOw,New Orleans Aerial Tours & Flight Training,5701 Walter Beech St,New Orleans,CA,70126,30.0346964656,-90.0255346298,5.0,21,1,"{'WiFi': ""u'free'""}","Flight Instruction, Hotels & Travel, Aerial Tours, Tours, Adult Education, Education, Specialty Schools","{'Monday': '0:0-0:0', 'Tuesday': '9:0-15:0', 'Wednesday': '9:0-17:0', 'Thursday': '9:0-17:0', 'Friday': '9:0-17:0', 'Saturday': '9:0-17:0', 'Sunday': '9:0-17:0'}"
146772,p6H295aQCbDJ80GcpqFvwA,Club Quarters Philadelphia,1628 Chestnut St,Philadelphia,CA,19103,39.9512939,-75.1684401,3.0,402,1,"{'RestaurantsPriceRange2': '2', 'BusinessAcceptsCreditCards': 'True', 'WiFi': ""u'free'""}","Hotels, Event Planning & Services, Hotels & Travel",
147066,ZL0Iyn8hlTHDz70-IPFBAQ,Burgundy Bar at The Saint Hotel,931 Canal St,New Orleans,CA,70112,29.9551783606,-90.0714756975,3.5,35,1,"{'BusinessAcceptsCreditCards': 'True', 'OutdoorSeating': 'False', 'HasTV': 'True', 'BikeParking': 'True', 'RestaurantsPriceRange2': '2', 'Alcohol': ""u'full_bar'"", 'NoiseLevel': ""u'very_loud'"", 'Ambience': ""{'touristy': False, 'hipster': False, 'romantic': False, 'divey': False, 'intimate': False, 'trendy': True, 'upscale': False, 'classy': True, 'casual': False}"", 'Music': ""{'dj': False, 'background_music': False, 'no_music': False, 'jukebox': False, 'live': True, 'video': False, 'karaoke': False}"", 'HappyHour': 'True', 'RestaurantsDelivery': 'None', 'BusinessAcceptsBitcoin': 'False', 'RestaurantsReservations': 'False', 'BusinessParking': 'None', 'RestaurantsGoodForGroups': 'True', 'BestNights': ""{'monday': False, 'tuesday': False, 'friday': False, 'wednesday': False, 'thursday': False, 'sunday': False, 'saturday': False}"", 'DogsAllowed': 'False', 'WiFi': ""u'free'"", 'GoodForDancing': 'False', 'RestaurantsTakeOut': 'None', 'Smoking': ""u'outdoor'"", 'WheelchairAccessible': 'True'}","Nightlife, Hotels, Lounges, Bars, Hotels & Travel, Event Planning & Services","{'Monday': '17:0-23:0', 'Tuesday': '17:0-23:0', 'Wednesday': '17:0-23:0', 'Thursday': '17:0-23:0', 'Friday': '17:0-23:0', 'Saturday': '17:0-23:0', 'Sunday': '17:0-23:0'}"
147241,Mb967pEMu4d1iimJhkdtWg,The National Shrine of Our Lady of the Snows,442 S Demazenod Dr,Belleville,CA,62223,38.5618108584,-90.0886982899,3.5,27,1,"{'Ambience': ""{'romantic': False, 'intimate': False, 'classy': False, 'hipster': False, 'divey': False, 'touristy': False, 'trendy': False, 'upscale': False, 'casual': False}"", 'GoodForKids': 'True', 'RestaurantsGoodForGroups': 'True', 'RestaurantsAttire': ""u'casual'"", 'RestaurantsPriceRange2': '2', 'RestaurantsTakeOut': 'True', 'HasTV': 'False', 'OutdoorSeating': 'True', 'WiFi': ""u'free'"", 'RestaurantsReservations': 'True', 'BusinessParking': ""{'garage': False, 'street': False, 'validated': False, 'lot': True, 'valet': False}"", 'NoiseLevel': ""u'quiet'"", 'Caters': 'True', 'BusinessAcceptsCreditCards': 'True', 'RestaurantsDelivery': 'False', 'BikeParking': 'True', 'Alcohol': ""u'full_bar'""}","Event Planning & Services, American (Traditional), Restaurants, Hotels, Churches, Religious Organizations, Venues & Event Spaces, Buffets, Hotels & Travel","{'Monday': '7:0-21:0', 'Tuesday': '7:0-21:0', 'Wednesday': '7:0-21:0', 'Thursday': '7:0-21:0', 'Friday': '7:0-21:0', 'Saturday': '7:0-21:0', 'Sunday': '7:0-21:0'}"
149685,2-SB-GoaYiCEUTBfCTm3qA,Bluestem Distillery,5313 State Route 140,Bethalto,CA,62010,38.898779,-90.005593,5.0,5,1,"{'BikeParking': 'True', 'BusinessAcceptsCreditCards': 'True', 'BusinessAcceptsBitcoin': 'False', 'RestaurantsDelivery': 'False', 'Caters': 'False', 'RestaurantsPriceRange2': '1', 'RestaurantsTakeOut': 'True', 'BusinessParking': ""{'garage': False, 'street': False, 'validated': False, 'lot': True, 'valet': False}"", 'WheelchairAccessible': 'True'}","Distilleries, Medical Supplies, Food, Shopping, Hotels & Travel, Tours","{'Monday': '0:0-0:0', 'Thursday': '16:0-20:0', 'Friday': '14:0-20:0', 'Saturday': '12:0-20:0'}"
149924,ZzVMHQMLlL5M9D4HdczyiQ,La Quinta by Wyndham Tampa Bay Area-Tampa South,4620 West Gandy Blvd,Tampa,CA,33611,27.892992,-82.523627,3.0,23,1,"{'RestaurantsPriceRange2': '2', 'BusinessAcceptsCreditCards': 'True', 'WiFi': ""u'free'""}","Hotels, Hotels & Travel, Event Planning & Services","{'Monday': '0:0-0:0', 'Tuesday': '0:0-0:0', 'Wednesday': '0:0-0:0', 'Thursday': '0:0-0:0', 'Friday': '0:0-0:0', 'Saturday': '0:0-0:0', 'Sunday': '0:0-0:0'}"
